690456814ab79c6580dd2a1a,domain.CampaignLeadScore,FAE86972423E491DB617290161D0BBCD,SHOPIFY_MULTIPLE_ADS,2025-10-31T06:26:09.858Z,suadiye@theistanbulresidences.com,640ffdd0f3084899b5bba4dd,18,2025-11-04T06:43:55.968Z
690456814ab79c6580dd2a1b,domain.CampaignLeadScore,FAE86972423E491DB617290161D0BBCD,SHOPIFY_MULTIPLE_ADS,2025-10-31T06:26:09.894Z,info@albahotels.com.tr,640ffdb8f3084899b5bb84f7,6,2025-11-04T06:43:55.988Z
690456814ab79c6580dd2a1c,domain.CampaignLeadScore,FAE86972423E491DB617290161D0BBCD,SHOPIFY_MULTIPLE_ADS,2025-10-31T06:26:09.908Z,info@nagibeachbodrum.com,640ffdcaf3084899b5bb9b26,7,2025-11-04T06:43:55.995Z
690456814ab79c6580dd2a1d,domain.CampaignLeadScore,FAE86972423E491DB617290161D0BBCD,SHOPIFY_MULTIPLE_ADS,2025-10-31T06:26:09.924Z,sales@bayberd.com,640ffdd9f3084899b5bbb101,6,2025-11-04T06:43:56.019Z
690456814ab79c6580dd2a1e,domain.CampaignLeadScore,FAE86972423E491DB617290161D0BBCD,SHOPIFY_MULTIPLE_ADS,2025-10-31T06:26:09.942Z,bodrum-info@themarmarahotels.com,640ffdc7f3084899b5bb9926,18,2025-11-04T06:43:56.028Z
690456824ab79c6580dd2a1f,domain.CampaignLeadScore,FAE86972423E491DB617290161D0BBCD,SHOPIFY_MULTIPLE_ADS,2025-10-31T06:26:10.419Z,kelesfaruk@hotmail.com,640ffdd6f3084899b5bbabcb,6,2025-11-04T06:43:56.053Z
690456824ab79c6580dd2a20,domain.CampaignLeadScore,FAE86972423E491DB617290161D0BBCD,SHOPIFY_MULTIPLE_ADS,2025-10-31T06:26:10.435Z,comfortsuitehotel@gmail.com,640ffddef3084899b5bbb98c,6,2025-11-04T06:43:56.042Z
690456824ab79c6580dd2a21,domain.CampaignLeadScore,FAE86972423E491DB617290161D0BBCD,SHOPIFY_MULTIPLE_ADS,2025-10-31T06:26:10.447Z,sisli-info@themarmarahotels.com,640ffdd0f3084899b5bba4b9,18,2025-11-04T06:43:56.035Z
690456824ab79c6580dd2a22,domain.CampaignLeadScore,FAE86972423E491DB617290161D0BBCD,SHOPIFY_MULTIPLE_ADS,2025-10-31T06:26:10.470Z,rezervasyon@akarhotel.com.tr,640ffdb8f3084899b5bb8453,12,2025-11-04T06:43:56.066Z
690456824ab79c6580dd2a23,domain.CampaignLeadScore,FAE86972423E491DB617290161D0BBCD,SHOPIFY_MULTIPLE_ADS,2025-10-31T06:26:10.490Z,pera-info@themarmarahotels.com,640ffdd0f3084899b5bba4b8,18,2025-11-04T06:43:56.089Z
690456824ab79c6580dd2a24,domain.CampaignLeadScore,FAE86972423E491DB617290161D0BBCD,SHOPIFY_MULTIPLE_ADS,2025-10-31T06:26:10.500Z,info@otelzade.com.tr,640ffdd3f3084899b5bba9c3,6,2025-11-04T06:43:56.097Z
69045d6b4ab79c6580dd2a26,domain.CampaignLeadScore,A9AB3379EAF140C58E7CC33432A73884,SECOND_HAND_MULTIPLE_ADS,2025-10-31T06:55:39.224Z,suadiye@theistanbulresidences.com,640ffdd0f3084899b5bba4dd,55,2025-11-03T11:04:13.369Z
69045d6b4ab79c6580dd2a27,domain.CampaignLeadScore,A9AB3379EAF140C58E7CC33432A73884,SECOND_HAND_MULTIPLE_ADS,2025-10-31T06:55:39.232Z,info@kentparkhotel.com,640ffdc4f3084899b5bb9627,4,2025-11-03T11:04:13.800Z
69045d6b4ab79c6580dd2a28,domain.CampaignLeadScore,A9AB3379EAF140C58E7CC33432A73884,SECOND_HAND_MULTIPLE_ADS,2025-10-31T06:55:39.243Z,info@parkhousehotels.com,640ffdcaf3084899b5bb9e29,6,2025-11-03T11:04:14.378Z
69045d6b4ab79c6580dd2a29,domain.CampaignLeadScore,A9AB3379EAF140C58E7CC33432A73884,SECOND_HAND_MULTIPLE_ADS,2025-10-31T06:55:39.251Z,info@hotelavemaria.com,640ffdbbf3084899b5bb87af,6,2025-11-03T11:04:14.771Z
69045d6b4ab79c6580dd2a2a,domain.CampaignLeadScore,A9AB3379EAF140C58E7CC33432A73884,SECOND_HAND_MULTIPLE_ADS,2025-10-31T06:55:39.261Z,info@bulvarhotelizmir.com,640ffde2f3084899b5bbc33c,6,2025-11-03T11:04:15.606Z
69045d6b4ab79c6580dd2a2b,domain.CampaignLeadScore,A9AB3379EAF140C58E7CC33432A73884,SECOND_HAND_MULTIPLE_ADS,2025-10-31T06:55:39.269Z,kiyakhotel@hotmail.com,640ffdc4f3084899b5bb95e3,19,2025-11-03T11:04:16.129Z
69045d6b4ab79c6580dd2a2c,domain.CampaignLeadScore,A9AB3379EAF140C58E7CC33432A73884,SECOND_HAND_MULTIPLE_ADS,2025-10-31T06:55:39.279Z,info@seavalleybungalows.com,640ffdcdf3084899b5bba135,6,2025-11-03T11:04:16.528Z
69045d6b4ab79c6580dd2a2d,domain.CampaignLeadScore,A9AB3379EAF140C58E7CC33432A73884,SECOND_HAND_MULTIPLE_ADS,2025-10-31T06:55:39.290Z,info@vivalavita.com.tr,640ffdd9f3084899b5bbaed6,13,2025-11-03T11:04:16.761Z
690463a34ab79c6580dd2a71,domain.CampaignLeadScore,9875C6E9F7374376B34CA20A1DF29459,SECOND_HAND_MULTIPLE_ADS,2025-10-31T07:22:11.888Z,sisli-info@themarmarahotels.com,640ffdd0f3084899b5bba4b9,63,2025-11-16T06:38:58.596Z
690464014ab79c6580dd2a7d,domain.CampaignLeadScore,9875C6E9F7374376B34CA20A1DF29459,SECOND_HAND_MULTIPLE_ADS,2025-10-31T07:23:45.270Z,bodrum-info@themarmarahotels.com,640ffdc7f3084899b5bb9926,90,2025-11-09T07:52:59.701Z
690464014ab79c6580dd2a7f,domain.CampaignLeadScore,9875C6E9F7374376B34CA20A1DF29459,SECOND_HAND_MULTIPLE_ADS,2025-10-31T07:23:45.359Z,suadiye@theistanbulresidences.com,640ffdd0f3084899b5bba4dd,179,2025-11-16T06:38:57.580Z
690464544ab79c6580dd2a92,domain.CampaignLeadScore,9875C6E9F7374376B34CA20A1DF29459,SECOND_HAND_MULTIPLE_ADS,2025-10-31T07:25:08.443Z,panormos@hotmail.com,640ffdcaf3084899b5bb9df1,8,2025-11-16T06:38:58.782Z
690464984ab79c6580dd2a94,domain.CampaignLeadScore,9875C6E9F7374376B34CA20A1DF29459,SECOND_HAND_MULTIPLE_ADS,2025-10-31T07:26:16.067Z,info@vivalavita.com.tr,640ffdd9f3084899b5bbaed6,6,2025-11-16T06:39:00.586Z
690465ed4ab79c6580dd2a96,domain.CampaignLeadScore,9875C6E9F7374376B34CA20A1DF29459,SECOND_HAND_MULTIPLE_ADS,2025-10-31T07:31:57.853Z,info@tamarabusinessantalya.com,640ffddbf3084899b5bbb2ee,4,2025-11-16T06:38:58.543Z
6904661f4ab79c6580dd2a99,domain.CampaignLeadScore,9875C6E9F7374376B34CA20A1DF29459,SECOND_HAND_MULTIPLE_ADS,2025-10-31T07:32:47.619Z,pera-info@themarmarahotels.com,640ffdd0f3084899b5bba4b8,77,2025-11-09T07:52:59.727Z
690468c34ab79c6580dd2aa8,domain.CampaignLeadScore,9875C6E9F7374376B34CA20A1DF29459,SECOND_HAND_MULTIPLE_ADS,2025-10-31T07:44:03.527Z,info@grandhotelavcilar.com,640ffdc1f3084899b5bb91b9,12,2025-11-16T06:38:59.715Z
69046fe04ab79c6580dd2aab,domain.CampaignLeadScore,9875C6E9F7374376B34CA20A1DF29459,SECOND_HAND_MULTIPLE_ADS,2025-10-31T08:14:24.203Z,lagunareservation@alyahotels.com,640ffdc7f3084899b5bb9769,6,2025-11-16T06:38:58.659Z
690470934ab79c6580dd2aad,domain.CampaignLeadScore,9875C6E9F7374376B34CA20A1DF29459,SECOND_HAND_MULTIPLE_ADS,2025-10-31T08:17:23.677Z,atess@redroseoludeniz.com,640ffdcdf3084899b5bb9f76,6,2025-11-16T06:38:59.576Z
6904838c4ab79c6580dd2aaf,domain.CampaignLeadScore,9875C6E9F7374376B34CA20A1DF29459,SECOND_HAND_MULTIPLE_ADS,2025-10-31T09:38:20.755Z,nesibe.goral@saritay.com,682efc163dcc4d26875f6cc4,6,2025-11-16T06:38:57.703Z
690485ba4ab79c6580dd2ab1,domain.CampaignLeadScore,CFA60D8C38384AF8A6F2EAB82AE10AED,SECOND_HAND_MULTIPLE_ADS,2025-10-31T09:47:38.997Z,info@metropolitanbosphorus.com,640ffdd6f3084899b5bbac08,6,2025-11-03T11:03:24.173Z
690485bb4ab79c6580dd2ab2,domain.CampaignLeadScore,CFA60D8C38384AF8A6F2EAB82AE10AED,SECOND_HAND_MULTIPLE_ADS,2025-10-31T09:47:39.004Z,info@safaroyalhotel.com,640ffdd6f3084899b5bbac7b,6,2025-11-03T11:03:24.587Z
690485bb4ab79c6580dd2ab3,domain.CampaignLeadScore,CFA60D8C38384AF8A6F2EAB82AE10AED,SECOND_HAND_MULTIPLE_ADS,2025-10-31T09:47:39.012Z,hoppala@hoppala.com.tr,640ffdc4f3084899b5bb93ba,4,2025-11-03T11:03:24.872Z
690485bb4ab79c6580dd2ab4,domain.CampaignLeadScore,CFA60D8C38384AF8A6F2EAB82AE10AED,SECOND_HAND_MULTIPLE_ADS,2025-10-31T09:47:39.019Z,info@hotel-bellezza.com,640ffdbbf3084899b5bb88fd,6,2025-11-03T11:03:25.433Z
690485bb4ab79c6580dd2ab5,domain.CampaignLeadScore,CFA60D8C38384AF8A6F2EAB82AE10AED,SECOND_HAND_MULTIPLE_ADS,2025-10-31T09:47:39.026Z,info@corluroyalparkhotel.com,640ffddbf3084899b5bbb2b8,11,2025-11-03T11:03:25.841Z
690485bb4ab79c6580dd2ab6,domain.CampaignLeadScore,CFA60D8C38384AF8A6F2EAB82AE10AED,SECOND_HAND_MULTIPLE_ADS,2025-10-31T09:47:39.035Z,info@manastirhanotel.com,640ffde0f3084899b5bbbc4c,8,2025-11-03T11:03:26.342Z
690485bb4ab79c6580dd2ab7,domain.CampaignLeadScore,CFA60D8C38384AF8A6F2EAB82AE10AED,SECOND_HAND_MULTIPLE_ADS,2025-10-31T09:47:39.042Z,zuluadrasan@gmail.com,640ffde2f3084899b5bbc55a,6,2025-11-03T11:03:26.761Z
690485bb4ab79c6580dd2ab8,domain.CampaignLeadScore,CFA60D8C38384AF8A6F2EAB82AE10AED,SECOND_HAND_MULTIPLE_ADS,2025-10-31T09:47:39.051Z,info@versionhotel.com,640ffdd6f3084899b5bbadfe,6,2025-11-03T11:03:27.545Z
690485bb4ab79c6580dd2ab9,domain.CampaignLeadScore,CFA60D8C38384AF8A6F2EAB82AE10AED,SECOND_HAND_MULTIPLE_ADS,2025-10-31T09:47:39.058Z,atess@redroseoludeniz.com,640ffdcdf3084899b5bb9f76,6,2025-11-03T11:03:28.179Z
690485bb4ab79c6580dd2aba,domain.CampaignLeadScore,CFA60D8C38384AF8A6F2EAB82AE10AED,SECOND_HAND_MULTIPLE_ADS,2025-10-31T09:47:39.064Z,info@bayrakgrandhotel.com,640ffde1f3084899b5bbc13f,4,2025-11-03T11:03:29.561Z
690485bb4ab79c6580dd2abb,domain.CampaignLeadScore,CFA60D8C38384AF8A6F2EAB82AE10AED,SECOND_HAND_MULTIPLE_ADS,2025-10-31T09:47:39.073Z,bilgi@soyicotel.com,640ffdd0f3084899b5bba2a5,6,2025-11-03T11:03:28.961Z
690485bb4ab79c6580dd2abc,domain.CampaignLeadScore,CFA60D8C38384AF8A6F2EAB82AE10AED,SECOND_HAND_MULTIPLE_ADS,2025-10-31T09:47:39.081Z,info@pelikanotel.com.tr,640ffdcaf3084899b5bb9e58,6,2025-11-03T11:03:30.760Z
690485bb4ab79c6580dd2abd,domain.CampaignLeadScore,CFA60D8C38384AF8A6F2EAB82AE10AED,SECOND_HAND_MULTIPLE_ADS,2025-10-31T09:47:39.087Z,emelpension@gmail.com,640ffddef3084899b5bbb852,14,2025-11-03T11:03:32.167Z
690485bb4ab79c6580dd2abe,domain.CampaignLeadScore,CFA60D8C38384AF8A6F2EAB82AE10AED,SECOND_HAND_MULTIPLE_ADS,2025-10-31T09:47:39.950Z,info@hotelkayamaris.com,640ffdd3f3084899b5bba950,4,2025-11-03T11:03:31.480Z
690485bb4ab79c6580dd2abf,domain.CampaignLeadScore,CFA60D8C38384AF8A6F2EAB82AE10AED,SECOND_HAND_MULTIPLE_ADS,2025-10-31T09:47:39.958Z,iletisim@sirincemsaklivadi.com.tr,640ffdb8f3084899b5bb8442,6,2025-11-03T11:03:32.696Z
690485bb4ab79c6580dd2ac0,domain.CampaignLeadScore,CFA60D8C38384AF8A6F2EAB82AE10AED,SECOND_HAND_MULTIPLE_ADS,2025-10-31T09:47:39.967Z,info@ladikhotel.com,640ffddbf3084899b5bbb5bb,6,2025-11-03T11:03:33.008Z
690485bb4ab79c6580dd2ac1,domain.CampaignLeadScore,CFA60D8C38384AF8A6F2EAB82AE10AED,SECOND_HAND_MULTIPLE_ADS,2025-10-31T09:47:39.974Z,info@hamzakoybluepark.com,640ffdc1f3084899b5bb92ed,6,2025-11-03T11:03:33.600Z
690485bb4ab79c6580dd2ac2,domain.CampaignLeadScore,CFA60D8C38384AF8A6F2EAB82AE10AED,SECOND_HAND_MULTIPLE_ADS,2025-10-31T09:47:39.982Z,info@kuzucularparkhotel.com,640ffdc7f3084899b5bb9749,64,2025-11-03T11:03:34.481Z
690485bb4ab79c6580dd2ac3,domain.CampaignLeadScore,CFA60D8C38384AF8A6F2EAB82AE10AED,SECOND_HAND_MULTIPLE_ADS,2025-10-31T09:47:39.990Z,panormos@hotmail.com,640ffdcaf3084899b5bb9df1,6,2025-11-03T11:03:34.732Z
690485bb4ab79c6580dd2ac4,domain.CampaignLeadScore,CFA60D8C38384AF8A6F2EAB82AE10AED,SECOND_HAND_MULTIPLE_ADS,2025-10-31T09:47:39.997Z,info@meroddi.com,640ffdd9f3084899b5bbb235,6,2025-11-03T11:03:35.488Z
690485bc4ab79c6580dd2ac5,domain.CampaignLeadScore,CFA60D8C38384AF8A6F2EAB82AE10AED,SECOND_HAND_MULTIPLE_ADS,2025-10-31T09:47:40.005Z,info@albahotels.com.tr,640ffdb8f3084899b5bb84f7,4,2025-11-03T11:03:35.860Z
690485bc4ab79c6580dd2ac6,domain.CampaignLeadScore,CFA60D8C38384AF8A6F2EAB82AE10AED,SECOND_HAND_MULTIPLE_ADS,2025-10-31T09:47:40.012Z,bilgi@albahotels.com.tr,640ffdb8f3084899b5bb84f6,4,2025-11-03T11:03:36.693Z
690485bc4ab79c6580dd2ac7,domain.CampaignLeadScore,CFA60D8C38384AF8A6F2EAB82AE10AED,SECOND_HAND_MULTIPLE_ADS,2025-10-31T09:47:40.033Z,info@wyndhamgardenlara.com,640ffdc7f3084899b5bb97a7,12,2025-11-03T11:03:37.065Z
690485bc4ab79c6580dd2ac8,domain.CampaignLeadScore,CFA60D8C38384AF8A6F2EAB82AE10AED,SECOND_HAND_MULTIPLE_ADS,2025-10-31T09:47:40.951Z,info@everhoteleurope.com,640ffdd3f3084899b5bba8fb,6,2025-11-03T11:03:37.606Z
690485bc4ab79c6580dd2ac9,domain.CampaignLeadScore,CFA60D8C38384AF8A6F2EAB82AE10AED,SECOND_HAND_MULTIPLE_ADS,2025-10-31T09:47:40.958Z,otelkardelen@gmail.com,640ffdc4f3084899b5bb95a1,6,2025-11-03T11:03:38.483Z
690485bc4ab79c6580dd2aca,domain.CampaignLeadScore,CFA60D8C38384AF8A6F2EAB82AE10AED,SECOND_HAND_MULTIPLE_ADS,2025-10-31T09:47:40.965Z,info.b@businesslifehotel.com,640ffde1f3084899b5bbc08c,6,2025-11-03T11:03:37.851Z
690485bc4ab79c6580dd2acb,domain.CampaignLeadScore,CFA60D8C38384AF8A6F2EAB82AE10AED,SECOND_HAND_MULTIPLE_ADS,2025-10-31T09:47:40.971Z,info@ozkavakboutiquehotel.com.tr,640ffdcaf3084899b5bb9d82,4,2025-11-03T11:03:38.908Z
690485bc4ab79c6580dd2acc,domain.CampaignLeadScore,CFA60D8C38384AF8A6F2EAB82AE10AED,SECOND_HAND_MULTIPLE_ADS,2025-10-31T09:47:40.978Z,info@fenermotel.com,640ffdc1f3084899b5bb9020,7,2025-11-03T11:03:39.482Z
690485bc4ab79c6580dd2acd,domain.CampaignLeadScore,CFA60D8C38384AF8A6F2EAB82AE10AED,SECOND_HAND_MULTIPLE_ADS,2025-10-31T09:47:40.986Z,hotel@tuntashotels.com,640ffdd0f3084899b5bba585,6,2025-11-03T11:03:40.283Z
690485bc4ab79c6580dd2ace,domain.CampaignLeadScore,CFA60D8C38384AF8A6F2EAB82AE10AED,SECOND_HAND_MULTIPLE_ADS,2025-10-31T09:47:40.993Z,rezervasyon@grandhamithotel.com,640ffdd6f3084899b5bbab7e,13,2025-11-03T11:03:39.931Z
690485bd4ab79c6580dd2acf,domain.CampaignLeadScore,CFA60D8C38384AF8A6F2EAB82AE10AED,SECOND_HAND_MULTIPLE_ADS,2025-10-31T09:47:41.000Z,info@hirahotel.com,640ffddbf3084899b5bbb552,6,2025-11-03T11:03:40.682Z
690485bd4ab79c6580dd2ad0,domain.CampaignLeadScore,CFA60D8C38384AF8A6F2EAB82AE10AED,SECOND_HAND_MULTIPLE_ADS,2025-10-31T09:47:41.009Z,info@seleniumhotel.com,640ffdcdf3084899b5bba173,6,2025-11-03T11:03:40.960Z
690485bd4ab79c6580dd2ad1,domain.CampaignLeadScore,CFA60D8C38384AF8A6F2EAB82AE10AED,SECOND_HAND_MULTIPLE_ADS,2025-10-31T09:47:41.016Z,info@otelahsaray.com,640ffdcaf3084899b5bb9ce4,6,2025-11-03T11:03:41.617Z
690485bd4ab79c6580dd2ad2,domain.CampaignLeadScore,CFA60D8C38384AF8A6F2EAB82AE10AED,SECOND_HAND_MULTIPLE_ADS,2025-10-31T09:47:41.947Z,info@otelakcakoca.com.tr,640ffdcaf3084899b5bb9ce6,4,2025-11-03T11:03:42.480Z
690485bd4ab79c6580dd2ad3,domain.CampaignLeadScore,CFA60D8C38384AF8A6F2EAB82AE10AED,SECOND_HAND_MULTIPLE_ADS,2025-10-31T09:47:41.956Z,taksim@eliteworldhotels.com.tr,640ffdbef3084899b5bb8ef0,6,2025-11-03T11:03:41.868Z
690485bd4ab79c6580dd2ad4,domain.CampaignLeadScore,CFA60D8C38384AF8A6F2EAB82AE10AED,SECOND_HAND_MULTIPLE_ADS,2025-10-31T09:47:41.963Z,info@palmettoresorthotel.com,640ffdcaf3084899b5bb9dc2,7,2025-11-03T11:03:42.759Z
690485bd4ab79c6580dd2ad5,domain.CampaignLeadScore,CFA60D8C38384AF8A6F2EAB82AE10AED,SECOND_HAND_MULTIPLE_ADS,2025-10-31T09:47:41.970Z,info@fermankonak.com,640ffdd6f3084899b5bbab48,6,2025-11-03T11:03:43.166Z
690485bd4ab79c6580dd2ad6,domain.CampaignLeadScore,CFA60D8C38384AF8A6F2EAB82AE10AED,SECOND_HAND_MULTIPLE_ADS,2025-10-31T09:47:41.977Z,info@hotelprivate.com.tr,640ffdd3f3084899b5bba9e5,9,2025-11-03T11:03:43.582Z
690485bd4ab79c6580dd2ad7,domain.CampaignLeadScore,CFA60D8C38384AF8A6F2EAB82AE10AED,SECOND_HAND_MULTIPLE_ADS,2025-10-31T09:47:41.984Z,info@hotelavemaria.com,640ffdbbf3084899b5bb87af,6,2025-11-03T11:03:43.921Z
690485bd4ab79c6580dd2ad8,domain.CampaignLeadScore,CFA60D8C38384AF8A6F2EAB82AE10AED,SECOND_HAND_MULTIPLE_ADS,2025-10-31T09:47:41.991Z,reservation@blackbirdthermal.com,640ffdbbf3084899b5bb89ae,6,2025-11-03T11:03:44.481Z
690485bd4ab79c6580dd2ad9,domain.CampaignLeadScore,CFA60D8C38384AF8A6F2EAB82AE10AED,SECOND_HAND_MULTIPLE_ADS,2025-10-31T09:47:41.998Z,info@panoramahotelturkbuku.com,640ffdcaf3084899b5bb9dec,78,2025-11-03T11:03:44.736Z
690485be4ab79c6580dd2ada,domain.CampaignLeadScore,CFA60D8C38384AF8A6F2EAB82AE10AED,SECOND_HAND_MULTIPLE_ADS,2025-10-31T09:47:42.010Z,info@hotelkalepalace.com,640ffdc4f3084899b5bb953d,4,2025-11-03T11:03:44.967Z
690485be4ab79c6580dd2adb,domain.CampaignLeadScore,CFA60D8C38384AF8A6F2EAB82AE10AED,SECOND_HAND_MULTIPLE_ADS,2025-10-31T09:47:42.017Z,molaotel@sinopmolaotel.com.tr,640ffdcdf3084899b5bba258,6,2025-11-03T11:03:45.691Z
690485be4ab79c6580dd2adc,domain.CampaignLeadScore,CFA60D8C38384AF8A6F2EAB82AE10AED,SECOND_HAND_MULTIPLE_ADS,2025-10-31T09:47:42.024Z,info@cappadociacavehouse.com,640ffdd0f3084899b5bba378,4,2025-11-03T11:03:45.928Z
690485be4ab79c6580dd2add,domain.CampaignLeadScore,CFA60D8C38384AF8A6F2EAB82AE10AED,SECOND_HAND_MULTIPLE_ADS,2025-10-31T09:47:42.952Z,saray@sarayhotel.com.tr,640ffdcdf3084899b5bba0dc,6,2025-11-03T11:03:46.491Z
690485be4ab79c6580dd2ade,domain.CampaignLeadScore,CFA60D8C38384AF8A6F2EAB82AE10AED,SECOND_HAND_MULTIPLE_ADS,2025-10-31T09:47:42.959Z,info@residencehotel.com.tr,640ffdcdf3084899b5bb9f9f,6,2025-11-03T11:03:46.772Z
690485be4ab79c6580dd2adf,domain.CampaignLeadScore,CFA60D8C38384AF8A6F2EAB82AE10AED,SECOND_HAND_MULTIPLE_ADS,2025-10-31T09:47:42.967Z,info@residencegardenhotel.com,640ffdcdf3084899b5bb9f9e,18,2025-11-03T11:03:47.011Z
690485be4ab79c6580dd2ae0,domain.CampaignLeadScore,CFA60D8C38384AF8A6F2EAB82AE10AED,SECOND_HAND_MULTIPLE_ADS,2025-10-31T09:47:42.974Z,info@cayircimenevleri.com,640ffdbef3084899b5bb8b4e,6,2025-11-03T11:03:47.680Z
690485be4ab79c6580dd2ae1,domain.CampaignLeadScore,CFA60D8C38384AF8A6F2EAB82AE10AED,SECOND_HAND_MULTIPLE_ADS,2025-10-31T09:47:42.982Z,info@helioshotelside.com,640ffdd3f3084899b5bba927,6,2025-11-03T11:03:47.928Z
690485be4ab79c6580dd2ae2,domain.CampaignLeadScore,CFA60D8C38384AF8A6F2EAB82AE10AED,SECOND_HAND_MULTIPLE_ADS,2025-10-31T09:47:42.989Z,arat_0880@hotmail.com,640ffdcdf3084899b5bba1d2,161,2025-11-03T11:03:48.163Z
690485be4ab79c6580dd2ae3,domain.CampaignLeadScore,CFA60D8C38384AF8A6F2EAB82AE10AED,SECOND_HAND_MULTIPLE_ADS,2025-10-31T09:47:42.996Z,info@cakirotel.com,640ffdcaf3084899b5bb9d67,6,2025-11-03T11:03:48.615Z
690485bf4ab79c6580dd2ae4,domain.CampaignLeadScore,CFA60D8C38384AF8A6F2EAB82AE10AED,SECOND_HAND_MULTIPLE_ADS,2025-10-31T09:47:43.003Z,chambersoftheboheme@hotmail.com,640ffdbef3084899b5bb8b92,6,2025-11-03T11:03:49.048Z
690485bf4ab79c6580dd2ae5,domain.CampaignLeadScore,CFA60D8C38384AF8A6F2EAB82AE10AED,SECOND_HAND_MULTIPLE_ADS,2025-10-31T09:47:43.011Z,info@hamlehotel.com.tr,640ffdc1f3084899b5bb92e5,6,2025-11-03T11:03:49.489Z
690485bf4ab79c6580dd2ae6,domain.CampaignLeadScore,CFA60D8C38384AF8A6F2EAB82AE10AED,SECOND_HAND_MULTIPLE_ADS,2025-10-31T09:47:43.023Z,info@theblackeskisehir.com,640ffdd0f3084899b5bba47a,6,2025-11-03T11:03:49.727Z
690485bf4ab79c6580dd2ae7,domain.CampaignLeadScore,CFA60D8C38384AF8A6F2EAB82AE10AED,SECOND_HAND_MULTIPLE_ADS,2025-10-31T09:47:43.953Z,info@hoteluygar.com,640ffdd0f3084899b5bba607,6,2025-11-03T11:03:49.966Z
690485bf4ab79c6580dd2ae8,domain.CampaignLeadScore,CFA60D8C38384AF8A6F2EAB82AE10AED,SECOND_HAND_MULTIPLE_ADS,2025-10-31T09:47:43.960Z,info@seraihotel.com,640ffde0f3084899b5bbbb68,14,2025-11-03T11:03:50.491Z
690485bf4ab79c6580dd2ae9,domain.CampaignLeadScore,CFA60D8C38384AF8A6F2EAB82AE10AED,SECOND_HAND_MULTIPLE_ADS,2025-10-31T09:47:43.967Z,info@legacyottomanhotel.com,640ffdd3f3084899b5bba724,4,2025-11-03T11:03:50.806Z
69048e8b4ab79c6580dd2aeb,domain.CampaignLeadScore,9875C6E9F7374376B34CA20A1DF29459,SECOND_HAND_MULTIPLE_ADS,2025-10-31T10:25:15.101Z,info@temizotel.com.tr,640ffdd0f3084899b5bba449,6,2025-11-16T06:39:00.636Z
690496de4ab79c6580dd2aed,domain.CampaignLeadScore,9875C6E9F7374376B34CA20A1DF29459,SECOND_HAND_MULTIPLE_ADS,2025-10-31T11:00:46.874Z,info@poseidonhotel.com,640ffdcdf3084899b5bb9ee7,37,2025-11-16T06:38:57.749Z
6904a3a34ab79c6580dd2af4,domain.CampaignLeadScore,9875C6E9F7374376B34CA20A1DF29459,SECOND_HAND_MULTIPLE_ADS,2025-10-31T11:55:15.527Z,info@residencegardenhotel.com,640ffdcdf3084899b5bb9f9e,46,2025-11-16T06:38:57.629Z
6904a4684ab79c6580dd2afc,domain.CampaignLeadScore,9875C6E9F7374376B34CA20A1DF29459,SECOND_HAND_MULTIPLE_ADS,2025-10-31T11:58:32.815Z,info@hotelantroyal.com,640ffdb8f3084899b5bb863c,267,2025-11-16T06:38:59.671Z
6904ad0c4ab79c6580dd2b06,domain.CampaignLeadScore,9875C6E9F7374376B34CA20A1DF29459,SECOND_HAND_MULTIPLE_ADS,2025-10-31T12:35:24.370Z,reservations-kaplankaya@sixsenses.com,640ffdd3f3084899b5bba8a1,5,2025-11-16T06:38:58.741Z
6904b82f4ab79c6580dd2b08,domain.CampaignLeadScore,9875C6E9F7374376B34CA20A1DF29459,SECOND_HAND_MULTIPLE_ADS,2025-10-31T13:22:55.109Z,gozde.ozlu@saritay.com,65e97d0f39b4a477e2b0fca0,6,2025-11-16T06:38:59.757Z
69088b284b0d3c1b1ea201c6,domain.CampaignLeadScore,BF59AFCFDBB6416990A0D1FBBA1C8917,SECOND_HAND_SINGLE_AD,2025-11-03T10:59:52.258Z,info@istanbulbeachhotel.com,640ffdbbf3084899b5bb89c8,276,2025-11-03T10:59:52.258Z
69088b284b0d3c1b1ea201c7,domain.CampaignLeadScore,BF59AFCFDBB6416990A0D1FBBA1C8917,SECOND_HAND_SINGLE_AD,2025-11-03T10:59:52.484Z,info@fenermotel.com,640ffdc1f3084899b5bb9020,9,2025-11-03T10:59:52.484Z
69088b284b0d3c1b1ea201c8,domain.CampaignLeadScore,BF59AFCFDBB6416990A0D1FBBA1C8917,SECOND_HAND_SINGLE_AD,2025-11-03T10:59:52.708Z,info@connectthermalhotel.com,640ffde1f3084899b5bbc170,4,2025-11-03T10:59:52.708Z
69088b284b0d3c1b1ea201c9,domain.CampaignLeadScore,BF59AFCFDBB6416990A0D1FBBA1C8917,SECOND_HAND_SINGLE_AD,2025-11-03T10:59:52.947Z,karacanparkhotel@gmail.com,640ffdd6f3084899b5bbabba,6,2025-11-03T10:59:52.947Z
69088b294b0d3c1b1ea201ca,domain.CampaignLeadScore,BF59AFCFDBB6416990A0D1FBBA1C8917,SECOND_HAND_SINGLE_AD,2025-11-03T10:59:53.163Z,info@lionelhotel.com.tr,640ffdd6f3084899b5bbabdf,8,2025-11-03T10:59:53.163Z
69088b294b0d3c1b1ea201cb,domain.CampaignLeadScore,BF59AFCFDBB6416990A0D1FBBA1C8917,SECOND_HAND_SINGLE_AD,2025-11-03T10:59:53.349Z,istanbul.regency@hyatt.com,640ffdc4f3084899b5bb93f2,4,2025-11-03T10:59:53.349Z
69088b294b0d3c1b1ea201cc,domain.CampaignLeadScore,BF59AFCFDBB6416990A0D1FBBA1C8917,SECOND_HAND_SINGLE_AD,2025-11-03T10:59:53.586Z,aat@ada.net.tr,640ffdd3f3084899b5bba68b,6,2025-11-03T10:59:53.586Z
69088b294b0d3c1b1ea201cd,domain.CampaignLeadScore,BF59AFCFDBB6416990A0D1FBBA1C8917,SECOND_HAND_SINGLE_AD,2025-11-03T10:59:53.820Z,info@grandhotelavcilar.com,640ffdc1f3084899b5bb91b9,6,2025-11-03T10:59:53.820Z
69088b2a4b0d3c1b1ea201ce,domain.CampaignLeadScore,BF59AFCFDBB6416990A0D1FBBA1C8917,SECOND_HAND_SINGLE_AD,2025-11-03T10:59:54.052Z,info@ankacity.com.tr,640ffdd3f3084899b5bba852,5,2025-11-03T10:59:54.052Z
69088b2a4b0d3c1b1ea201cf,domain.CampaignLeadScore,BF59AFCFDBB6416990A0D1FBBA1C8917,SECOND_HAND_SINGLE_AD,2025-11-03T10:59:54.282Z,info@atlantique.com.tr,640ffdbbf3084899b5bb8792,6,2025-11-03T10:59:54.282Z
69088b2a4b0d3c1b1ea201d0,domain.CampaignLeadScore,BF59AFCFDBB6416990A0D1FBBA1C8917,SECOND_HAND_SINGLE_AD,2025-11-03T10:59:54.494Z,info@hotelperula.com,640ffdcaf3084899b5bb9e90,64,2025-11-03T10:59:54.494Z
69088b2a4b0d3c1b1ea201d1,domain.CampaignLeadScore,BF59AFCFDBB6416990A0D1FBBA1C8917,SECOND_HAND_SINGLE_AD,2025-11-03T10:59:54.724Z,info@perdikia.com,640ffdcaf3084899b5bb9e7d,6,2025-11-03T10:59:54.724Z
69088b2a4b0d3c1b1ea201d2,domain.CampaignLeadScore,BF59AFCFDBB6416990A0D1FBBA1C8917,SECOND_HAND_SINGLE_AD,2025-11-03T10:59:54.923Z,info@royalteos.com,6578fe69ff565b563a83a8e4,6,2025-11-03T10:59:54.923Z
69088b2b4b0d3c1b1ea201d3,domain.CampaignLeadScore,BF59AFCFDBB6416990A0D1FBBA1C8917,SECOND_HAND_SINGLE_AD,2025-11-03T10:59:55.136Z,info.divanasia@divan.com.tr,640ffdbef3084899b5bb8de0,4,2025-11-03T10:59:55.136Z
69088b2b4b0d3c1b1ea201d4,domain.CampaignLeadScore,BF59AFCFDBB6416990A0D1FBBA1C8917,SECOND_HAND_SINGLE_AD,2025-11-03T10:59:55.354Z,info@kristalotel.com,640ffdc7f3084899b5bb9705,7,2025-11-03T10:59:55.354Z
69088b2b4b0d3c1b1ea201d5,domain.CampaignLeadScore,BF59AFCFDBB6416990A0D1FBBA1C8917,SECOND_HAND_SINGLE_AD,2025-11-03T10:59:55.550Z,info@grandmelahotel.com,640ffde1f3084899b5bbbf8a,7,2025-11-03T10:59:55.550Z
69088b2b4b0d3c1b1ea201d6,domain.CampaignLeadScore,BF59AFCFDBB6416990A0D1FBBA1C8917,SECOND_HAND_SINGLE_AD,2025-11-03T10:59:55.797Z,info@datcakalina.com,640ffdd3f3084899b5bba947,4,2025-11-03T10:59:55.797Z
69088b2c4b0d3c1b1ea201d7,domain.CampaignLeadScore,BF59AFCFDBB6416990A0D1FBBA1C8917,SECOND_HAND_SINGLE_AD,2025-11-03T10:59:56.011Z,info@cicekapartotel.com,640ffdd9f3084899b5bbb136,7,2025-11-03T10:59:56.011Z
69088b2c4b0d3c1b1ea201d8,domain.CampaignLeadScore,BF59AFCFDBB6416990A0D1FBBA1C8917,SECOND_HAND_SINGLE_AD,2025-11-03T10:59:56.231Z,wix.sozerotel@gmail.com,640ffdbbf3084899b5bb8809,4,2025-11-03T10:59:56.231Z
69088b2c4b0d3c1b1ea201d9,domain.CampaignLeadScore,BF59AFCFDBB6416990A0D1FBBA1C8917,SECOND_HAND_SINGLE_AD,2025-11-03T10:59:56.444Z,info@albahotels.com.tr,640ffdb8f3084899b5bb84f7,4,2025-11-03T10:59:56.444Z
69088b2c4b0d3c1b1ea201da,domain.CampaignLeadScore,BF59AFCFDBB6416990A0D1FBBA1C8917,SECOND_HAND_SINGLE_AD,2025-11-03T10:59:56.643Z,bilgi@albahotels.com.tr,640ffdb8f3084899b5bb84f6,4,2025-11-03T10:59:56.643Z
69088b2c4b0d3c1b1ea201db,domain.CampaignLeadScore,BF59AFCFDBB6416990A0D1FBBA1C8917,SECOND_HAND_SINGLE_AD,2025-11-03T10:59:56.856Z,info@dalgiclarotel.com,640ffdcaf3084899b5bb9cfd,7,2025-11-03T10:59:56.856Z
69088b2d4b0d3c1b1ea201dc,domain.CampaignLeadScore,BF59AFCFDBB6416990A0D1FBBA1C8917,SECOND_HAND_SINGLE_AD,2025-11-03T10:59:57.082Z,info@changaadrasan.com,640ffdbef3084899b5bb8b99,6,2025-11-03T10:59:57.082Z
69088b2d4b0d3c1b1ea201dd,domain.CampaignLeadScore,BF59AFCFDBB6416990A0D1FBBA1C8917,SECOND_HAND_SINGLE_AD,2025-11-03T10:59:57.297Z,info@hoteluygar.com,640ffdd0f3084899b5bba607,10,2025-11-03T10:59:57.297Z
69088b2d4b0d3c1b1ea201de,domain.CampaignLeadScore,BF59AFCFDBB6416990A0D1FBBA1C8917,SECOND_HAND_SINGLE_AD,2025-11-03T10:59:57.537Z,zeninn@zeninnbutikotel.com,640ffdd3f3084899b5bba802,27,2025-11-03T10:59:57.537Z
69088b2d4b0d3c1b1ea201df,domain.CampaignLeadScore,BF59AFCFDBB6416990A0D1FBBA1C8917,SECOND_HAND_SINGLE_AD,2025-11-03T10:59:57.777Z,bilgi@otelhancilar.com,640ffdd3f3084899b5bba921,6,2025-11-03T10:59:57.777Z
69088b2d4b0d3c1b1ea201e0,domain.CampaignLeadScore,BF59AFCFDBB6416990A0D1FBBA1C8917,SECOND_HAND_SINGLE_AD,2025-11-03T10:59:57.974Z,info.istanbulgoldenhorn@millenniumhotels.com,640ffdd6f3084899b5bbad1d,5,2025-11-03T10:59:57.974Z
69088b2e4b0d3c1b1ea201e1,domain.CampaignLeadScore,BF59AFCFDBB6416990A0D1FBBA1C8917,SECOND_HAND_SINGLE_AD,2025-11-03T10:59:58.188Z,info@hoteltorun.com.tr,640ffdd0f3084899b5bba526,7,2025-11-03T10:59:58.188Z
69088b2e4b0d3c1b1ea201e2,domain.CampaignLeadScore,6676F4BF2DDB4693A0E0C727EB47F753,SECOND_HAND_MULTIPLE_ADS,2025-11-03T10:59:58.656Z,mustafa.tokel1@gmail.com,640ffdc1f3084899b5bb9086,6,2025-11-03T10:59:58.656Z
69088b2e4b0d3c1b1ea201e3,domain.CampaignLeadScore,6676F4BF2DDB4693A0E0C727EB47F753,SECOND_HAND_MULTIPLE_ADS,2025-11-03T10:59:58.919Z,info@tolgahotel.com,640ffdd0f3084899b5bba51a,656,2025-11-03T10:59:58.919Z
69088b2f4b0d3c1b1ea201e4,domain.CampaignLeadScore,5B6934CF12234AF6A2EEFB2655A6C635,SECOND_HAND_MULTIPLE_ADS,2025-11-03T10:59:59.375Z,suadiye@theistanbulresidences.com,640ffdd0f3084899b5bba4dd,55,2025-11-03T10:59:59.375Z
69088b2f4b0d3c1b1ea201e5,domain.CampaignLeadScore,5B6934CF12234AF6A2EEFB2655A6C635,SECOND_HAND_MULTIPLE_ADS,2025-11-03T10:59:59.603Z,info@grandanatoliahotel.com,640ffdc1f3084899b5bb91ad,5,2025-11-03T10:59:59.603Z
69088b2f4b0d3c1b1ea201e6,domain.CampaignLeadScore,5B6934CF12234AF6A2EEFB2655A6C635,SECOND_HAND_MULTIPLE_ADS,2025-11-03T10:59:59.815Z,info@rammoshotel.com,640ffde2f3084899b5bbc25a,6,2025-11-03T10:59:59.815Z
69088b304b0d3c1b1ea201e7,domain.CampaignLeadScore,5B6934CF12234AF6A2EEFB2655A6C635,SECOND_HAND_MULTIPLE_ADS,2025-11-03T11:00:00.043Z,info@bursakozahotel.com,640ffde0f3084899b5bbbd7d,6,2025-11-03T11:00:00.043Z
69088b304b0d3c1b1ea201e8,domain.CampaignLeadScore,5B6934CF12234AF6A2EEFB2655A6C635,SECOND_HAND_MULTIPLE_ADS,2025-11-03T11:00:00.247Z,bodrum-info@themarmarahotels.com,640ffdc7f3084899b5bb9926,28,2025-11-03T11:00:00.247Z
69088b304b0d3c1b1ea201e9,domain.CampaignLeadScore,5B6934CF12234AF6A2EEFB2655A6C635,SECOND_HAND_MULTIPLE_ADS,2025-11-03T11:00:00.484Z,sisli-info@themarmarahotels.com,640ffdd0f3084899b5bba4b9,46,2025-11-03T11:00:00.484Z
69088b304b0d3c1b1ea201ea,domain.CampaignLeadScore,5B6934CF12234AF6A2EEFB2655A6C635,SECOND_HAND_MULTIPLE_ADS,2025-11-03T11:00:00.809Z,info@melidiumhotel.com,640ffdcdf3084899b5bb9f6a,6,2025-11-03T11:00:00.809Z
69088b314b0d3c1b1ea201eb,domain.CampaignLeadScore,5B6934CF12234AF6A2EEFB2655A6C635,SECOND_HAND_MULTIPLE_ADS,2025-11-03T11:00:01.016Z,pera-info@themarmarahotels.com,640ffdd0f3084899b5bba4b8,34,2025-11-03T11:00:01.016Z
69088b314b0d3c1b1ea201ec,domain.CampaignLeadScore,5B6934CF12234AF6A2EEFB2655A6C635,SECOND_HAND_MULTIPLE_ADS,2025-11-03T11:00:01.292Z,info@cihangirhotel.com,640ffdbef3084899b5bb8bb7,5,2025-11-03T11:00:01.292Z
69088b314b0d3c1b1ea201ed,domain.CampaignLeadScore,5B6934CF12234AF6A2EEFB2655A6C635,SECOND_HAND_MULTIPLE_ADS,2025-11-03T11:00:01.763Z,info@albahotels.com.tr,640ffdb8f3084899b5bb84f7,4,2025-11-03T11:00:01.763Z
69088b314b0d3c1b1ea201ee,domain.CampaignLeadScore,5B6934CF12234AF6A2EEFB2655A6C635,SECOND_HAND_MULTIPLE_ADS,2025-11-03T11:00:01.966Z,info@hotelcelikpalas.com,640ffdbef3084899b5bb8b50,17,2025-11-03T11:00:01.966Z
69088b324b0d3c1b1ea201ef,domain.CampaignLeadScore,5B6934CF12234AF6A2EEFB2655A6C635,SECOND_HAND_MULTIPLE_ADS,2025-11-03T11:00:02.214Z,info@sonnenhotelmarmaris.com,640ffdd0f3084899b5bba29f,6,2025-11-03T11:00:02.214Z
69088b324b0d3c1b1ea201f0,domain.CampaignLeadScore,5B6934CF12234AF6A2EEFB2655A6C635,SECOND_HAND_MULTIPLE_ADS,2025-11-03T11:00:02.495Z,info@melispansiyon.com,640ffdc7f3084899b5bb99b8,339,2025-11-03T11:00:02.495Z
69088b324b0d3c1b1ea201f1,domain.CampaignLeadScore,5B6934CF12234AF6A2EEFB2655A6C635,SECOND_HAND_MULTIPLE_ADS,2025-11-03T11:00:02.722Z,saray@termalsaray.com,640ffdcdf3084899b5bba0e2,8,2025-11-03T11:00:02.722Z
69088b324b0d3c1b1ea201f2,domain.CampaignLeadScore,5B6934CF12234AF6A2EEFB2655A6C635,SECOND_HAND_MULTIPLE_ADS,2025-11-03T11:00:02.937Z,info@hoteleverest.com.tr,640ffdc1f3084899b5bb8fcc,4,2025-11-03T11:00:02.937Z
69088b334b0d3c1b1ea201f3,domain.CampaignLeadScore,5B6934CF12234AF6A2EEFB2655A6C635,SECOND_HAND_MULTIPLE_ADS,2025-11-03T11:00:03.149Z,emelpension@gmail.com,640ffddef3084899b5bbb852,6,2025-11-03T11:00:03.149Z
69088b334b0d3c1b1ea201f4,domain.CampaignLeadScore,5B6934CF12234AF6A2EEFB2655A6C635,SECOND_HAND_MULTIPLE_ADS,2025-11-03T11:00:03.404Z,mail@oteldinc.com,640ffdcaf3084899b5bb9cff,14,2025-11-03T11:00:03.404Z
69088b334b0d3c1b1ea201f5,domain.CampaignLeadScore,5B6934CF12234AF6A2EEFB2655A6C635,SECOND_HAND_MULTIPLE_ADS,2025-11-03T11:00:03.624Z,info@minyonhotel.com,640ffdc7f3084899b5bb98a2,18,2025-11-03T11:00:03.624Z
69088b334b0d3c1b1ea201f6,domain.CampaignLeadScore,5B6934CF12234AF6A2EEFB2655A6C635,SECOND_HAND_MULTIPLE_ADS,2025-11-03T11:00:03.846Z,info@seyiryeriotel.com,640ffde3f3084899b5bbc7e5,6,2025-11-03T11:00:03.846Z
69088b344b0d3c1b1ea201f7,domain.CampaignLeadScore,070147A977464FCCB3F4117C263ECDDB,SHOPIFY_MULTIPLE_ADS,2025-11-03T11:00:04.323Z,suadiye@theistanbulresidences.com,640ffdd0f3084899b5bba4dd,18,2025-11-03T11:00:04.323Z
69088b344b0d3c1b1ea201f8,domain.CampaignLeadScore,070147A977464FCCB3F4117C263ECDDB,SHOPIFY_MULTIPLE_ADS,2025-11-03T11:00:04.564Z,info@albahotels.com.tr,640ffdb8f3084899b5bb84f7,6,2025-11-03T11:00:04.564Z
69088b344b0d3c1b1ea201f9,domain.CampaignLeadScore,070147A977464FCCB3F4117C263ECDDB,SHOPIFY_MULTIPLE_ADS,2025-11-03T11:00:04.785Z,bilgi@albahotels.com.tr,640ffdb8f3084899b5bb84f6,6,2025-11-03T11:00:04.785Z
69088b354b0d3c1b1ea201fa,domain.CampaignLeadScore,070147A977464FCCB3F4117C263ECDDB,SHOPIFY_MULTIPLE_ADS,2025-11-03T11:00:05.002Z,info@hotel-86.com,640ffdcaf3084899b5bb9d1b,6,2025-11-03T11:00:05.002Z
69088b354b0d3c1b1ea201fb,domain.CampaignLeadScore,070147A977464FCCB3F4117C263ECDDB,SHOPIFY_MULTIPLE_ADS,2025-11-03T11:00:05.253Z,bodrum-info@themarmarahotels.com,640ffdc7f3084899b5bb9926,12,2025-11-03T11:00:05.253Z
69088b354b0d3c1b1ea201fc,domain.CampaignLeadScore,070147A977464FCCB3F4117C263ECDDB,SHOPIFY_MULTIPLE_ADS,2025-11-03T11:00:05.469Z,sisli-info@themarmarahotels.com,640ffdd0f3084899b5bba4b9,18,2025-11-03T11:00:05.469Z
69088b354b0d3c1b1ea201fd,domain.CampaignLeadScore,070147A977464FCCB3F4117C263ECDDB,SHOPIFY_MULTIPLE_ADS,2025-11-03T11:00:05.682Z,info@almenacityhotel.com,640ffde0f3084899b5bbba34,6,2025-11-03T11:00:05.682Z
69088b354b0d3c1b1ea201fe,domain.CampaignLeadScore,070147A977464FCCB3F4117C263ECDDB,SHOPIFY_MULTIPLE_ADS,2025-11-03T11:00:05.882Z,info@hoteluygar.com,640ffdd0f3084899b5bba607,6,2025-11-03T11:00:05.882Z
69088b364b0d3c1b1ea201ff,domain.CampaignLeadScore,070147A977464FCCB3F4117C263ECDDB,SHOPIFY_MULTIPLE_ADS,2025-11-03T11:00:06.083Z,pera-info@themarmarahotels.com,640ffdd0f3084899b5bba4b8,12,2025-11-03T11:00:06.083Z
69088b364b0d3c1b1ea20200,domain.CampaignLeadScore,28C14B205C844B6FAFE54D69F0E2731E,SHOPIFY_MULTIPLE_ADS,2025-11-03T11:00:06.644Z,info@albahotels.com.tr,640ffdb8f3084899b5bb84f7,6,2025-11-03T11:00:06.644Z
69088b364b0d3c1b1ea20201,domain.CampaignLeadScore,28C14B205C844B6FAFE54D69F0E2731E,SHOPIFY_MULTIPLE_ADS,2025-11-03T11:00:06.871Z,info@ozkavakboutiquehotel.com.tr,640ffdcaf3084899b5bb9d82,6,2025-11-03T11:00:06.871Z
69088b374b0d3c1b1ea20202,domain.CampaignLeadScore,222C98A8CBFC4DA685A0CD994D0360FE,SHOPIFY_MULTIPLE_ADS,2025-11-03T11:00:07.361Z,bilgi@albahotels.com.tr,640ffdb8f3084899b5bb84f6,6,2025-11-03T11:00:07.361Z
69088b374b0d3c1b1ea20203,domain.CampaignLeadScore,222C98A8CBFC4DA685A0CD994D0360FE,SHOPIFY_MULTIPLE_ADS,2025-11-03T11:00:07.566Z,lemonhotel@hotmail.com,640ffdc7f3084899b5bb97f1,10,2025-11-03T11:00:07.566Z
69088b374b0d3c1b1ea20204,domain.CampaignLeadScore,222C98A8CBFC4DA685A0CD994D0360FE,SHOPIFY_MULTIPLE_ADS,2025-11-03T11:00:07.806Z,info@ortyhotels.com,640ffdcaf3084899b5bb9cc2,7,2025-11-03T11:00:07.806Z
69088b384b0d3c1b1ea20205,domain.CampaignLeadScore,222C98A8CBFC4DA685A0CD994D0360FE,SHOPIFY_MULTIPLE_ADS,2025-11-03T11:00:08.046Z,info@blueseahotel.com.tr,640ffddbf3084899b5bbb42f,6,2025-11-03T11:00:08.046Z
69088b384b0d3c1b1ea20206,domain.CampaignLeadScore,222C98A8CBFC4DA685A0CD994D0360FE,SHOPIFY_MULTIPLE_ADS,2025-11-03T11:00:08.331Z,kiyakhotel@hotmail.com,640ffdc4f3084899b5bb95e3,6,2025-11-03T11:00:08.331Z
69088b384b0d3c1b1ea20207,domain.CampaignLeadScore,222C98A8CBFC4DA685A0CD994D0360FE,SHOPIFY_MULTIPLE_ADS,2025-11-03T11:00:08.646Z,sisli-info@themarmarahotels.com,640ffdd0f3084899b5bba4b9,12,2025-11-03T11:00:08.646Z
69088b384b0d3c1b1ea20208,domain.CampaignLeadScore,222C98A8CBFC4DA685A0CD994D0360FE,SHOPIFY_MULTIPLE_ADS,2025-11-03T11:00:08.883Z,gebze.hyatthouse@hyatt.com,640ffdd6f3084899b5bbaba2,6,2025-11-03T11:00:08.883Z
69088b394b0d3c1b1ea20209,domain.CampaignLeadScore,222C98A8CBFC4DA685A0CD994D0360FE,SHOPIFY_MULTIPLE_ADS,2025-11-03T11:00:09.089Z,sales.ankara@divan.com.tr,640ffdd0f3084899b5bba3af,6,2025-11-03T11:00:09.089Z
69088b394b0d3c1b1ea2020a,domain.CampaignLeadScore,222C98A8CBFC4DA685A0CD994D0360FE,SHOPIFY_MULTIPLE_ADS,2025-11-03T11:00:09.335Z,info@minyonhotel.com,640ffdc7f3084899b5bb98a2,6,2025-11-03T11:00:09.335Z
69088b394b0d3c1b1ea2020b,domain.CampaignLeadScore,84CAEC4326AE46E887565179470670D2,SECOND_HAND_MULTIPLE_ADS,2025-11-03T11:00:09.886Z,suadiye@theistanbulresidences.com,640ffdd0f3084899b5bba4dd,55,2025-11-03T11:00:09.886Z
69088b3a4b0d3c1b1ea2020c,domain.CampaignLeadScore,84CAEC4326AE46E887565179470670D2,SECOND_HAND_MULTIPLE_ADS,2025-11-03T11:00:10.131Z,info@fenermotel.com,640ffdc1f3084899b5bb9020,12,2025-11-03T11:00:10.131Z
69088b3a4b0d3c1b1ea2020d,domain.CampaignLeadScore,84CAEC4326AE46E887565179470670D2,SECOND_HAND_MULTIPLE_ADS,2025-11-03T11:00:10.347Z,info@sagalassoslodge.com,640ffdcdf3084899b5bba078,4,2025-11-03T11:00:10.347Z
69088b3a4b0d3c1b1ea2020e,domain.CampaignLeadScore,84CAEC4326AE46E887565179470670D2,SECOND_HAND_MULTIPLE_ADS,2025-11-03T11:00:10.568Z,info@endaboutiquehotel.com,640ffdc1f3084899b5bb8f39,6,2025-11-03T11:00:10.568Z
69088b3a4b0d3c1b1ea2020f,domain.CampaignLeadScore,84CAEC4326AE46E887565179470670D2,SECOND_HAND_MULTIPLE_ADS,2025-11-03T11:00:10.803Z,info@paradisecaycuma.com,640ffdcaf3084899b5bb9e0a,6,2025-11-03T11:00:10.803Z
69088b3b4b0d3c1b1ea20210,domain.CampaignLeadScore,84CAEC4326AE46E887565179470670D2,SECOND_HAND_MULTIPLE_ADS,2025-11-03T11:00:11.007Z,info@seleniumhotel.com,640ffdcdf3084899b5bba173,6,2025-11-03T11:00:11.007Z
69088b3b4b0d3c1b1ea20211,domain.CampaignLeadScore,84CAEC4326AE46E887565179470670D2,SECOND_HAND_MULTIPLE_ADS,2025-11-03T11:00:11.382Z,info@limnadeshotel.com,640ffdd3f3084899b5bba97b,6,2025-11-03T11:00:11.382Z
69088b3b4b0d3c1b1ea20212,domain.CampaignLeadScore,84CAEC4326AE46E887565179470670D2,SECOND_HAND_MULTIPLE_ADS,2025-11-03T11:00:11.608Z,info@8istanbul.com,640ffdc7f3084899b5bb9a70,6,2025-11-03T11:00:11.608Z
69088b3b4b0d3c1b1ea20213,domain.CampaignLeadScore,84CAEC4326AE46E887565179470670D2,SECOND_HAND_MULTIPLE_ADS,2025-11-03T11:00:11.831Z,panormos@hotmail.com,640ffdcaf3084899b5bb9df1,8,2025-11-03T11:00:11.831Z
69088b3c4b0d3c1b1ea20214,domain.CampaignLeadScore,84CAEC4326AE46E887565179470670D2,SECOND_HAND_MULTIPLE_ADS,2025-11-03T11:00:12.044Z,info@serhanhotel.com,640ffdcdf3084899b5bba1c1,6,2025-11-03T11:00:12.044Z
69088b3c4b0d3c1b1ea20215,domain.CampaignLeadScore,84CAEC4326AE46E887565179470670D2,SECOND_HAND_MULTIPLE_ADS,2025-11-03T11:00:12.282Z,karaburunkonak@gmail.com,640ffdc7f3084899b5bb9741,6,2025-11-03T11:00:12.282Z
69088b3c4b0d3c1b1ea20216,domain.CampaignLeadScore,84CAEC4326AE46E887565179470670D2,SECOND_HAND_MULTIPLE_ADS,2025-11-03T11:00:12.540Z,info@ayasultanhotel.com,640ffdbbf3084899b5bb87cf,6,2025-11-03T11:00:12.540Z
69088b3c4b0d3c1b1ea20217,domain.CampaignLeadScore,84CAEC4326AE46E887565179470670D2,SECOND_HAND_MULTIPLE_ADS,2025-11-03T11:00:12.767Z,erolsever57@mynet.com,640ffdbef3084899b5bb8e92,6,2025-11-03T11:00:12.767Z
69088b3c4b0d3c1b1ea20218,domain.CampaignLeadScore,84CAEC4326AE46E887565179470670D2,SECOND_HAND_MULTIPLE_ADS,2025-11-03T11:00:12.978Z,info@melispansiyon.com,640ffdc7f3084899b5bb99b8,6,2025-11-03T11:00:12.978Z
69088b3d4b0d3c1b1ea20219,domain.CampaignLeadScore,6FDD798D58CE4D2EAB5AF3D791D9DCB0,SHOPIFY_MULTIPLE_ADS,2025-11-03T11:00:13.563Z,info@albahotels.com.tr,640ffdb8f3084899b5bb84f7,6,2025-11-03T11:00:13.563Z
69088b3d4b0d3c1b1ea2021a,domain.CampaignLeadScore,6FDD798D58CE4D2EAB5AF3D791D9DCB0,SHOPIFY_MULTIPLE_ADS,2025-11-03T11:00:13.773Z,bilgi@albahotels.com.tr,640ffdb8f3084899b5bb84f6,6,2025-11-03T11:00:13.773Z
69088b3e4b0d3c1b1ea2021b,domain.CampaignLeadScore,6FDD798D58CE4D2EAB5AF3D791D9DCB0,SHOPIFY_MULTIPLE_ADS,2025-11-03T11:00:14.042Z,bodrum-info@themarmarahotels.com,640ffdc7f3084899b5bb9926,18,2025-11-03T11:00:14.042Z
69088b3e4b0d3c1b1ea2021c,domain.CampaignLeadScore,6FDD798D58CE4D2EAB5AF3D791D9DCB0,SHOPIFY_MULTIPLE_ADS,2025-11-03T11:00:14.255Z,sisli-info@themarmarahotels.com,640ffdd0f3084899b5bba4b9,18,2025-11-03T11:00:14.255Z
69088b3e4b0d3c1b1ea2021d,domain.CampaignLeadScore,6FDD798D58CE4D2EAB5AF3D791D9DCB0,SHOPIFY_MULTIPLE_ADS,2025-11-03T11:00:14.501Z,info.divancorlu@divan.com.tr,640ffdbef3084899b5bb8dde,6,2025-11-03T11:00:14.501Z
69088b3e4b0d3c1b1ea2021e,domain.CampaignLeadScore,6FDD798D58CE4D2EAB5AF3D791D9DCB0,SHOPIFY_MULTIPLE_ADS,2025-11-03T11:00:14.733Z,pera-info@themarmarahotels.com,640ffdd0f3084899b5bba4b8,18,2025-11-03T11:00:14.733Z
69088b3f4b0d3c1b1ea2021f,domain.CampaignLeadScore,DDEA5822E20148FEA2D13ED23A50F7CA,SHOPIFY_MULTIPLE_ADS,2025-11-03T11:00:15.207Z,asur@buyukasur.com,640ffdbbf3084899b5bb8a8e,6,2025-11-03T11:00:15.207Z
69088b3f4b0d3c1b1ea20220,domain.CampaignLeadScore,DDEA5822E20148FEA2D13ED23A50F7CA,SHOPIFY_MULTIPLE_ADS,2025-11-03T11:00:15.443Z,suadiye@theistanbulresidences.com,640ffdd0f3084899b5bba4dd,18,2025-11-03T11:00:15.443Z
69088b3f4b0d3c1b1ea20221,domain.CampaignLeadScore,DDEA5822E20148FEA2D13ED23A50F7CA,SHOPIFY_MULTIPLE_ADS,2025-11-03T11:00:15.646Z,info@greengardenhotels.com,640ffdc1f3084899b5bb9251,6,2025-11-03T11:00:15.646Z
69088b3f4b0d3c1b1ea20222,domain.CampaignLeadScore,DDEA5822E20148FEA2D13ED23A50F7CA,SHOPIFY_MULTIPLE_ADS,2025-11-03T11:00:15.883Z,info@albahotels.com.tr,640ffdb8f3084899b5bb84f7,6,2025-11-03T11:00:15.883Z
69088b404b0d3c1b1ea20223,domain.CampaignLeadScore,DDEA5822E20148FEA2D13ED23A50F7CA,SHOPIFY_MULTIPLE_ADS,2025-11-03T11:00:16.122Z,bilgi@albahotels.com.tr,640ffdb8f3084899b5bb84f6,6,2025-11-03T11:00:16.122Z
69088b404b0d3c1b1ea20224,domain.CampaignLeadScore,DDEA5822E20148FEA2D13ED23A50F7CA,SHOPIFY_MULTIPLE_ADS,2025-11-03T11:00:16.351Z,istanbulinfo@conradhotels.com,6578fe69ff565b563a83a8f1,6,2025-11-03T11:00:16.351Z
69088b404b0d3c1b1ea20225,domain.CampaignLeadScore,DDEA5822E20148FEA2D13ED23A50F7CA,SHOPIFY_MULTIPLE_ADS,2025-11-03T11:00:16.593Z,reservation@verandabeachsuites.com,640ffddbf3084899b5bbb32a,6,2025-11-03T11:00:16.593Z
69088b404b0d3c1b1ea20226,domain.CampaignLeadScore,DDEA5822E20148FEA2D13ED23A50F7CA,SHOPIFY_MULTIPLE_ADS,2025-11-03T11:00:16.818Z,bodrum-info@themarmarahotels.com,640ffdc7f3084899b5bb9926,12,2025-11-03T11:00:16.818Z
69088b414b0d3c1b1ea20227,domain.CampaignLeadScore,DDEA5822E20148FEA2D13ED23A50F7CA,SHOPIFY_MULTIPLE_ADS,2025-11-03T11:00:17.056Z,sisli-info@themarmarahotels.com,640ffdd0f3084899b5bba4b9,6,2025-11-03T11:00:17.056Z
69088b414b0d3c1b1ea20228,domain.CampaignLeadScore,DDEA5822E20148FEA2D13ED23A50F7CA,SHOPIFY_MULTIPLE_ADS,2025-11-03T11:00:17.292Z,info@baridahotels.com,640ffdbbf3084899b5bb8889,6,2025-11-03T11:00:17.292Z
69088b414b0d3c1b1ea20229,domain.CampaignLeadScore,DDEA5822E20148FEA2D13ED23A50F7CA,SHOPIFY_MULTIPLE_ADS,2025-11-03T11:00:17.523Z,izmir.regency@hyatt.com,640ffde3f3084899b5bbc8e4,6,2025-11-03T11:00:17.523Z
69088b414b0d3c1b1ea2022a,domain.CampaignLeadScore,DDEA5822E20148FEA2D13ED23A50F7CA,SHOPIFY_MULTIPLE_ADS,2025-11-03T11:00:17.727Z,pera-info@themarmarahotels.com,640ffdd0f3084899b5bba4b8,18,2025-11-03T11:00:17.727Z
69088b424b0d3c1b1ea2022b,domain.CampaignLeadScore,6EAFBBE1516B4354994B6A276C2B4C41,SHOPIFY_MULTIPLE_ADS,2025-11-03T11:00:18.203Z,suadiye@theistanbulresidences.com,640ffdd0f3084899b5bba4dd,12,2025-11-03T11:00:18.203Z
69088b424b0d3c1b1ea2022c,domain.CampaignLeadScore,6EAFBBE1516B4354994B6A276C2B4C41,SHOPIFY_MULTIPLE_ADS,2025-11-03T11:00:18.442Z,info@albahotels.com.tr,640ffdb8f3084899b5bb84f7,6,2025-11-03T11:00:18.442Z
69088b424b0d3c1b1ea2022d,domain.CampaignLeadScore,6EAFBBE1516B4354994B6A276C2B4C41,SHOPIFY_MULTIPLE_ADS,2025-11-03T11:00:18.684Z,bilgi@albahotels.com.tr,640ffdb8f3084899b5bb84f6,6,2025-11-03T11:00:18.684Z
69088b424b0d3c1b1ea2022e,domain.CampaignLeadScore,6EAFBBE1516B4354994B6A276C2B4C41,SHOPIFY_MULTIPLE_ADS,2025-11-03T11:00:18.931Z,bilgi@iyteyasammerkezi.com.tr,640ffdc4f3084899b5bb94d2,12,2025-11-03T11:00:18.931Z
69088b434b0d3c1b1ea2022f,domain.CampaignLeadScore,6EAFBBE1516B4354994B6A276C2B4C41,SHOPIFY_MULTIPLE_ADS,2025-11-03T11:00:19.166Z,bodrum-info@themarmarahotels.com,640ffdc7f3084899b5bb9926,18,2025-11-03T11:00:19.166Z
69088b434b0d3c1b1ea20230,domain.CampaignLeadScore,6EAFBBE1516B4354994B6A276C2B4C41,SHOPIFY_MULTIPLE_ADS,2025-11-03T11:00:19.412Z,pera-info@themarmarahotels.com,640ffdd0f3084899b5bba4b8,12,2025-11-03T11:00:19.412Z
69088b434b0d3c1b1ea20231,domain.CampaignLeadScore,FB0A333569D04C37AFC131E544DE8E7B,SECOND_HAND_MULTIPLE_ADS,2025-11-03T11:00:19.924Z,suadiye@theistanbulresidences.com,640ffdd0f3084899b5bba4dd,50,2025-11-03T11:00:19.924Z
69088b444b0d3c1b1ea20232,domain.CampaignLeadScore,FB0A333569D04C37AFC131E544DE8E7B,SECOND_HAND_MULTIPLE_ADS,2025-11-03T11:00:20.164Z,info@fenermotel.com,640ffdc1f3084899b5bb9020,12,2025-11-03T11:00:20.164Z
69088b444b0d3c1b1ea20233,domain.CampaignLeadScore,FB0A333569D04C37AFC131E544DE8E7B,SECOND_HAND_MULTIPLE_ADS,2025-11-03T11:00:20.404Z,hotelseler@hotmail.com,640ffdcdf3084899b5bba171,14,2025-11-03T11:00:20.404Z
69088b444b0d3c1b1ea20234,domain.CampaignLeadScore,FB0A333569D04C37AFC131E544DE8E7B,SECOND_HAND_MULTIPLE_ADS,2025-11-03T11:00:20.615Z,hoppala@hoppala.com.tr,640ffdc4f3084899b5bb93ba,4,2025-11-03T11:00:20.615Z
69088b444b0d3c1b1ea20235,domain.CampaignLeadScore,FB0A333569D04C37AFC131E544DE8E7B,SECOND_HAND_MULTIPLE_ADS,2025-11-03T11:00:20.882Z,atess@redroseoludeniz.com,640ffdcdf3084899b5bb9f76,6,2025-11-03T11:00:20.882Z
69088b454b0d3c1b1ea20236,domain.CampaignLeadScore,FB0A333569D04C37AFC131E544DE8E7B,SECOND_HAND_MULTIPLE_ADS,2025-11-03T11:00:21.124Z,info@hotelgulhanepark.com,640ffdc1f3084899b5bb927d,6,2025-11-03T11:00:21.124Z
69088b454b0d3c1b1ea20237,domain.CampaignLeadScore,FB0A333569D04C37AFC131E544DE8E7B,SECOND_HAND_MULTIPLE_ADS,2025-11-03T11:00:21.363Z,ipek@alurahotel.com,640ffdb8f3084899b5bb856f,98,2025-11-03T11:00:21.363Z
69088b454b0d3c1b1ea20238,domain.CampaignLeadScore,FB0A333569D04C37AFC131E544DE8E7B,SECOND_HAND_MULTIPLE_ADS,2025-11-03T11:00:21.579Z,ISTHC_Conrad@conradhotels.com,640ffdbef3084899b5bb8c82,6,2025-11-03T11:00:21.579Z
69088b454b0d3c1b1ea20239,domain.CampaignLeadScore,FB0A333569D04C37AFC131E544DE8E7B,SECOND_HAND_MULTIPLE_ADS,2025-11-03T11:00:21.808Z,info@truebluehotel.com.tr,640ffdd6f3084899b5bbadfb,6,2025-11-03T11:00:21.808Z
69088b464b0d3c1b1ea2023a,domain.CampaignLeadScore,FB0A333569D04C37AFC131E544DE8E7B,SECOND_HAND_MULTIPLE_ADS,2025-11-03T11:00:22.043Z,info@almenacityhotel.com,640ffde0f3084899b5bbba34,6,2025-11-03T11:00:22.043Z
69088b464b0d3c1b1ea2023b,domain.CampaignLeadScore,FB0A333569D04C37AFC131E544DE8E7B,SECOND_HAND_MULTIPLE_ADS,2025-11-03T11:00:22.248Z,info@hotelkayamaris.com,640ffdd3f3084899b5bba950,6,2025-11-03T11:00:22.248Z
69088b464b0d3c1b1ea2023c,domain.CampaignLeadScore,FB0A333569D04C37AFC131E544DE8E7B,SECOND_HAND_MULTIPLE_ADS,2025-11-03T11:00:22.471Z,info@exelsiorhotels.com,640ffdc1f3084899b5bb8fdb,6,2025-11-03T11:00:22.471Z
69088b464b0d3c1b1ea2023d,domain.CampaignLeadScore,FB0A333569D04C37AFC131E544DE8E7B,SECOND_HAND_MULTIPLE_ADS,2025-11-03T11:00:22.692Z,info@elifstonehouse.com,640ffdd0f3084899b5bba415,11,2025-11-03T11:00:22.692Z
69088b464b0d3c1b1ea2023e,domain.CampaignLeadScore,FB0A333569D04C37AFC131E544DE8E7B,SECOND_HAND_MULTIPLE_ADS,2025-11-03T11:00:22.928Z,info@akroneshotel.com,6578fe68ff565b563a83a8d4,12,2025-11-03T11:00:22.928Z
69088b474b0d3c1b1ea2023f,domain.CampaignLeadScore,FB0A333569D04C37AFC131E544DE8E7B,SECOND_HAND_MULTIPLE_ADS,2025-11-03T11:00:23.163Z,info@gumuspeninsula.com,640ffdd9f3084899b5bbb1c7,12,2025-11-03T11:00:23.163Z
69088b474b0d3c1b1ea20240,domain.CampaignLeadScore,FB0A333569D04C37AFC131E544DE8E7B,SECOND_HAND_MULTIPLE_ADS,2025-11-03T11:00:23.367Z,laleotel@laleotel.com,640ffdc7f3084899b5bb977c,7,2025-11-03T11:00:23.367Z
69088b474b0d3c1b1ea20241,domain.CampaignLeadScore,FB0A333569D04C37AFC131E544DE8E7B,SECOND_HAND_MULTIPLE_ADS,2025-11-03T11:00:23.604Z,info@residencegardenhotel.com,640ffdcdf3084899b5bb9f9e,6,2025-11-03T11:00:23.604Z
69088b474b0d3c1b1ea20242,domain.CampaignLeadScore,FB0A333569D04C37AFC131E544DE8E7B,SECOND_HAND_MULTIPLE_ADS,2025-11-03T11:00:23.860Z,bodrum-info@themarmarahotels.com,640ffdc7f3084899b5bb9926,44,2025-11-03T11:00:23.860Z
69088b484b0d3c1b1ea20243,domain.CampaignLeadScore,FB0A333569D04C37AFC131E544DE8E7B,SECOND_HAND_MULTIPLE_ADS,2025-11-03T11:00:24.070Z,info@perdikia.com,640ffdcaf3084899b5bb9e7d,24,2025-11-03T11:00:24.070Z
69088b484b0d3c1b1ea20244,domain.CampaignLeadScore,FB0A333569D04C37AFC131E544DE8E7B,SECOND_HAND_MULTIPLE_ADS,2025-11-03T11:00:24.300Z,sisli-info@themarmarahotels.com,640ffdd0f3084899b5bba4b9,38,2025-11-03T11:00:24.300Z
69088b484b0d3c1b1ea20245,domain.CampaignLeadScore,FB0A333569D04C37AFC131E544DE8E7B,SECOND_HAND_MULTIPLE_ADS,2025-11-03T11:00:24.523Z,info.gaziantep@divan.com.tr,640ffdbef3084899b5bb8de1,4,2025-11-03T11:00:24.523Z
69088b484b0d3c1b1ea20246,domain.CampaignLeadScore,FB0A333569D04C37AFC131E544DE8E7B,SECOND_HAND_MULTIPLE_ADS,2025-11-03T11:00:24.763Z,pera-info@themarmarahotels.com,640ffdd0f3084899b5bba4b8,26,2025-11-03T11:00:24.763Z
69088b484b0d3c1b1ea20247,domain.CampaignLeadScore,FB0A333569D04C37AFC131E544DE8E7B,SECOND_HAND_MULTIPLE_ADS,2025-11-03T11:00:24.963Z,info@alacatizeytinotel.com,640ffdb8f3084899b5bb84d9,6,2025-11-03T11:00:24.963Z
69088b494b0d3c1b1ea20248,domain.CampaignLeadScore,FB0A333569D04C37AFC131E544DE8E7B,SECOND_HAND_MULTIPLE_ADS,2025-11-03T11:00:25.203Z,info@albahotels.com.tr,640ffdb8f3084899b5bb84f7,4,2025-11-03T11:00:25.203Z
69088b494b0d3c1b1ea20249,domain.CampaignLeadScore,FB0A333569D04C37AFC131E544DE8E7B,SECOND_HAND_MULTIPLE_ADS,2025-11-03T11:00:25.407Z,bilgi@albahotels.com.tr,640ffdb8f3084899b5bb84f6,4,2025-11-03T11:00:25.407Z
69088b494b0d3c1b1ea2024a,domain.CampaignLeadScore,FB0A333569D04C37AFC131E544DE8E7B,SECOND_HAND_MULTIPLE_ADS,2025-11-03T11:00:25.628Z,info@cakirotel.com,640ffdcaf3084899b5bb9d67,12,2025-11-03T11:00:25.628Z
69088b494b0d3c1b1ea2024b,domain.CampaignLeadScore,FB0A333569D04C37AFC131E544DE8E7B,SECOND_HAND_MULTIPLE_ADS,2025-11-03T11:00:25.843Z,info@sonnenhotelmarmaris.com,640ffdd0f3084899b5bba29f,6,2025-11-03T11:00:25.843Z
69088b4a4b0d3c1b1ea2024c,domain.CampaignLeadScore,FB0A333569D04C37AFC131E544DE8E7B,SECOND_HAND_MULTIPLE_ADS,2025-11-03T11:00:26.056Z,info@solemcavesuites.com,640ffde0f3084899b5bbbd84,12,2025-11-03T11:00:26.056Z
69088b4a4b0d3c1b1ea2024d,domain.CampaignLeadScore,FB0A333569D04C37AFC131E544DE8E7B,SECOND_HAND_MULTIPLE_ADS,2025-11-03T11:00:26.287Z,kiyakhotel@hotmail.com,640ffdc4f3084899b5bb95e3,14,2025-11-03T11:00:26.287Z
69088b4a4b0d3c1b1ea2024e,domain.CampaignLeadScore,FB0A333569D04C37AFC131E544DE8E7B,SECOND_HAND_MULTIPLE_ADS,2025-11-03T11:00:26.489Z,info@ozkavakboutiquehotel.com.tr,640ffdcaf3084899b5bb9d82,6,2025-11-03T11:00:26.489Z
69088b4a4b0d3c1b1ea2024f,domain.CampaignLeadScore,FB0A333569D04C37AFC131E544DE8E7B,SECOND_HAND_MULTIPLE_ADS,2025-11-03T11:00:26.699Z,info@minyonhotel.com,640ffdc7f3084899b5bb98a2,12,2025-11-03T11:00:26.699Z
69088b4a4b0d3c1b1ea20250,domain.CampaignLeadScore,FB0A333569D04C37AFC131E544DE8E7B,SECOND_HAND_MULTIPLE_ADS,2025-11-03T11:00:26.970Z,rezervasyon@mavievotel.com,640ffdc7f3084899b5bb994e,9,2025-11-03T11:00:26.970Z
69088b4b4b0d3c1b1ea20251,domain.CampaignLeadScore,FB0A333569D04C37AFC131E544DE8E7B,SECOND_HAND_MULTIPLE_ADS,2025-11-03T11:00:27.203Z,safakaltunakar@hotmail.com,640ffdb8f3084899b5bb8570,6,2025-11-03T11:00:27.203Z
69088b4b4b0d3c1b1ea20252,domain.CampaignLeadScore,03E54276AF0A4392AE1D29A7C8E1DC56,SHOPIFY_MULTIPLE_ADS,2025-11-03T11:00:27.700Z,info@bwpluscenter.com,640ffddef3084899b5bbb803,6,2025-11-03T11:00:27.700Z
69088b4b4b0d3c1b1ea20253,domain.CampaignLeadScore,03E54276AF0A4392AE1D29A7C8E1DC56,SHOPIFY_MULTIPLE_ADS,2025-11-03T11:00:27.940Z,info@anthemishotel.com,640ffdb8f3084899b5bb861d,6,2025-11-03T11:00:27.940Z
69088b4c4b0d3c1b1ea20254,domain.CampaignLeadScore,03E54276AF0A4392AE1D29A7C8E1DC56,SHOPIFY_MULTIPLE_ADS,2025-11-03T11:00:28.180Z,info@cappadociacavehouse.com,640ffdd0f3084899b5bba378,6,2025-11-03T11:00:28.180Z
69088b4c4b0d3c1b1ea20255,domain.CampaignLeadScore,03E54276AF0A4392AE1D29A7C8E1DC56,SHOPIFY_MULTIPLE_ADS,2025-11-03T11:00:28.404Z,suadiye@theistanbulresidences.com,640ffdd0f3084899b5bba4dd,12,2025-11-03T11:00:28.404Z
69088b4c4b0d3c1b1ea20256,domain.CampaignLeadScore,03E54276AF0A4392AE1D29A7C8E1DC56,SHOPIFY_MULTIPLE_ADS,2025-11-03T11:00:28.840Z,info@albahotels.com.tr,640ffdb8f3084899b5bb84f7,6,2025-11-03T11:00:28.840Z
69088b4d4b0d3c1b1ea20257,domain.CampaignLeadScore,03E54276AF0A4392AE1D29A7C8E1DC56,SHOPIFY_MULTIPLE_ADS,2025-11-03T11:00:29.064Z,bilgi@albahotels.com.tr,640ffdb8f3084899b5bb84f6,6,2025-11-03T11:00:29.064Z
69088b4d4b0d3c1b1ea20258,domain.CampaignLeadScore,03E54276AF0A4392AE1D29A7C8E1DC56,SHOPIFY_MULTIPLE_ADS,2025-11-03T11:00:29.390Z,info@hoteldiyarparis.com,640ffdd9f3084899b5bbb167,6,2025-11-03T11:00:29.390Z
69088b4d4b0d3c1b1ea20259,domain.CampaignLeadScore,03E54276AF0A4392AE1D29A7C8E1DC56,SHOPIFY_MULTIPLE_ADS,2025-11-03T11:00:29.664Z,info@otelatabay.com.tr,640ffdcaf3084899b5bb9ced,6,2025-11-03T11:00:29.664Z
69088b4d4b0d3c1b1ea2025a,domain.CampaignLeadScore,03E54276AF0A4392AE1D29A7C8E1DC56,SHOPIFY_MULTIPLE_ADS,2025-11-03T11:00:29.980Z,sisli-info@themarmarahotels.com,640ffdd0f3084899b5bba4b9,6,2025-11-03T11:00:29.980Z
69088b4e4b0d3c1b1ea2025b,domain.CampaignLeadScore,03E54276AF0A4392AE1D29A7C8E1DC56,SHOPIFY_MULTIPLE_ADS,2025-11-03T11:00:30.247Z,info@yundantik.com,640ffdd3f3084899b5bba7de,6,2025-11-03T11:00:30.247Z
69088b4e4b0d3c1b1ea2025c,domain.CampaignLeadScore,03E54276AF0A4392AE1D29A7C8E1DC56,SHOPIFY_MULTIPLE_ADS,2025-11-03T11:00:30.520Z,info@portaromanos.com,640ffde0f3084899b5bbbde9,6,2025-11-03T11:00:30.520Z
69088b4e4b0d3c1b1ea2025d,domain.CampaignLeadScore,03E54276AF0A4392AE1D29A7C8E1DC56,SHOPIFY_MULTIPLE_ADS,2025-11-03T11:00:30.735Z,info@zigoshotel.com,640ffddef3084899b5bbb7cf,6,2025-11-03T11:00:30.735Z
69088b4f4b0d3c1b1ea2025e,domain.CampaignLeadScore,0D504F41F38246F38402F0E61653A901,SHOPIFY_MULTIPLE_ADS,2025-11-03T11:00:31.540Z,info@albahotels.com.tr,640ffdb8f3084899b5bb84f7,6,2025-11-03T11:00:31.540Z
69088b4f4b0d3c1b1ea2025f,domain.CampaignLeadScore,0D504F41F38246F38402F0E61653A901,SHOPIFY_MULTIPLE_ADS,2025-11-03T11:00:31.768Z,bilgi@albahotels.com.tr,640ffdb8f3084899b5bb84f6,6,2025-11-03T11:00:31.768Z
69088b504b0d3c1b1ea20260,domain.CampaignLeadScore,0D504F41F38246F38402F0E61653A901,SHOPIFY_MULTIPLE_ADS,2025-11-03T11:00:32.024Z,bodrum-info@themarmarahotels.com,640ffdc7f3084899b5bb9926,18,2025-11-03T11:00:32.024Z
69088b504b0d3c1b1ea20261,domain.CampaignLeadScore,DD30027B41304057B0428D17A40E5B2D,SHOPIFY_MULTIPLE_ADS,2025-11-03T11:00:32.751Z,info@residencegardenhotel.com,640ffdcdf3084899b5bb9f9e,6,2025-11-03T11:00:32.751Z
69088b514b0d3c1b1ea20262,domain.CampaignLeadScore,DD30027B41304057B0428D17A40E5B2D,SHOPIFY_MULTIPLE_ADS,2025-11-03T11:00:33.525Z,sales@hotelalilass.com,640ffdb8f3084899b5bb852b,6,2025-11-03T11:00:33.525Z
69088b514b0d3c1b1ea20263,domain.CampaignLeadScore,DD30027B41304057B0428D17A40E5B2D,SHOPIFY_MULTIPLE_ADS,2025-11-03T11:00:33.820Z,info@albahotels.com.tr,640ffdb8f3084899b5bb84f7,6,2025-11-03T11:00:33.820Z
69088b524b0d3c1b1ea20264,domain.CampaignLeadScore,DD30027B41304057B0428D17A40E5B2D,SHOPIFY_MULTIPLE_ADS,2025-11-03T11:00:34.083Z,bilgi@albahotels.com.tr,640ffdb8f3084899b5bb84f6,6,2025-11-03T11:00:34.083Z
69088b524b0d3c1b1ea20265,domain.CampaignLeadScore,DD30027B41304057B0428D17A40E5B2D,SHOPIFY_MULTIPLE_ADS,2025-11-03T11:00:34.351Z,bodrum-info@themarmarahotels.com,640ffdc7f3084899b5bb9926,18,2025-11-03T11:00:34.351Z
69088b524b0d3c1b1ea20266,domain.CampaignLeadScore,DD30027B41304057B0428D17A40E5B2D,SHOPIFY_MULTIPLE_ADS,2025-11-03T11:00:34.566Z,sisli-info@themarmarahotels.com,640ffdd0f3084899b5bba4b9,18,2025-11-03T11:00:34.566Z
69088b524b0d3c1b1ea20267,domain.CampaignLeadScore,DD30027B41304057B0428D17A40E5B2D,SHOPIFY_MULTIPLE_ADS,2025-11-03T11:00:34.804Z,info@surtelhotel.com,640ffdd0f3084899b5bba39c,6,2025-11-03T11:00:34.804Z
69088b534b0d3c1b1ea20268,domain.CampaignLeadScore,DD30027B41304057B0428D17A40E5B2D,SHOPIFY_MULTIPLE_ADS,2025-11-03T11:00:35.030Z,pera-info@themarmarahotels.com,640ffdd0f3084899b5bba4b8,12,2025-11-03T11:00:35.030Z
69088b534b0d3c1b1ea20269,domain.CampaignLeadScore,DD30027B41304057B0428D17A40E5B2D,SHOPIFY_MULTIPLE_ADS,2025-11-03T11:00:35.243Z,sales@uranushotels.com,640ffdc7f3084899b5bb99db,12,2025-11-03T11:00:35.243Z
69088b534b0d3c1b1ea2026a,domain.CampaignLeadScore,DD30027B41304057B0428D17A40E5B2D,SHOPIFY_MULTIPLE_ADS,2025-11-03T11:00:35.469Z,info.divanistanbul@divan.com.tr,640ffdbef3084899b5bb8de5,6,2025-11-03T11:00:35.469Z
69088b544b0d3c1b1ea2026b,domain.CampaignLeadScore,8118129172B34067A9FE01A8D74E8EB9,SHOPIFY_SINGLE_AD,2025-11-03T11:00:36.003Z,info@dedemhotelistanbul.com,640ffdb8f3084899b5bb83de,7454,2025-11-03T11:00:36.003Z
69088b544b0d3c1b1ea2026c,domain.CampaignLeadScore,8118129172B34067A9FE01A8D74E8EB9,SHOPIFY_SINGLE_AD,2025-11-03T11:00:36.261Z,marmaris@eliteworldhotels.com.tr,640ffdbef3084899b5bb8ef3,6,2025-11-03T11:00:36.261Z
69088b544b0d3c1b1ea2026d,domain.CampaignLeadScore,8118129172B34067A9FE01A8D74E8EB9,SHOPIFY_SINGLE_AD,2025-11-03T11:00:36.522Z,info@livsuit.com,640ffdc7f3084899b5bb9857,6,2025-11-03T11:00:36.522Z
69088b544b0d3c1b1ea2026e,domain.CampaignLeadScore,8118129172B34067A9FE01A8D74E8EB9,SHOPIFY_SINGLE_AD,2025-11-03T11:00:36.767Z,ipsalaparkhotel@gmail.com,640ffde1f3084899b5bbc032,6,2025-11-03T11:00:36.767Z
69088b554b0d3c1b1ea2026f,domain.CampaignLeadScore,8118129172B34067A9FE01A8D74E8EB9,SHOPIFY_SINGLE_AD,2025-11-03T11:00:37.007Z,info@alacatichigdemhotel.com,640ffdbef3084899b5bb8ba8,6,2025-11-03T11:00:37.007Z
69088b554b0d3c1b1ea20270,domain.CampaignLeadScore,8118129172B34067A9FE01A8D74E8EB9,SHOPIFY_SINGLE_AD,2025-11-03T11:00:37.243Z,info@hotelavemaria.com,640ffdbbf3084899b5bb87af,6,2025-11-03T11:00:37.243Z
69088b554b0d3c1b1ea20271,domain.CampaignLeadScore,8118129172B34067A9FE01A8D74E8EB9,SHOPIFY_SINGLE_AD,2025-11-03T11:00:37.484Z,granddoganotel@msn.com,640ffdc1f3084899b5bb91d4,6,2025-11-03T11:00:37.484Z
69088b554b0d3c1b1ea20272,domain.CampaignLeadScore,8118129172B34067A9FE01A8D74E8EB9,SHOPIFY_SINGLE_AD,2025-11-03T11:00:37.707Z,info@mettsocialliving.com,640ffddbf3084899b5bbb34c,6,2025-11-03T11:00:37.707Z
69088b554b0d3c1b1ea20273,domain.CampaignLeadScore,8118129172B34067A9FE01A8D74E8EB9,SHOPIFY_SINGLE_AD,2025-11-03T11:00:37.925Z,info@evimhotel.com,640ffde0f3084899b5bbba98,6,2025-11-03T11:00:37.925Z
69088b564b0d3c1b1ea20274,domain.CampaignLeadScore,8118129172B34067A9FE01A8D74E8EB9,SHOPIFY_SINGLE_AD,2025-11-03T11:00:38.128Z,reservation@nazwoodenhouseinn.com,640ffdb8f3084899b5bb8641,8,2025-11-03T11:00:38.128Z
69088b564b0d3c1b1ea20275,domain.CampaignLeadScore,8118129172B34067A9FE01A8D74E8EB9,SHOPIFY_SINGLE_AD,2025-11-03T11:00:38.334Z,info@mervehanresidence.com,640ffdc7f3084899b5bb99f2,7,2025-11-03T11:00:38.334Z
69088b564b0d3c1b1ea20276,domain.CampaignLeadScore,8118129172B34067A9FE01A8D74E8EB9,SHOPIFY_SINGLE_AD,2025-11-03T11:00:38.563Z,info@hotelbeksiti.com,640ffdd9f3084899b5bbb10e,6,2025-11-03T11:00:38.563Z
69088b564b0d3c1b1ea20277,domain.CampaignLeadScore,8118129172B34067A9FE01A8D74E8EB9,SHOPIFY_SINGLE_AD,2025-11-03T11:00:38.885Z,info@residencegardenhotel.com,640ffdcdf3084899b5bb9f9e,6,2025-11-03T11:00:38.885Z
69088b574b0d3c1b1ea20278,domain.CampaignLeadScore,8118129172B34067A9FE01A8D74E8EB9,SHOPIFY_SINGLE_AD,2025-11-03T11:00:39.096Z,info@carettabeachhotel.com,640ffdbbf3084899b5bb8b19,6,2025-11-03T11:00:39.096Z
69088b574b0d3c1b1ea20279,domain.CampaignLeadScore,8118129172B34067A9FE01A8D74E8EB9,SHOPIFY_SINGLE_AD,2025-11-03T11:00:39.334Z,info@bosphorussorgun.com,640ffde1f3084899b5bbbf6e,6,2025-11-03T11:00:39.334Z
69088b574b0d3c1b1ea2027a,domain.CampaignLeadScore,8118129172B34067A9FE01A8D74E8EB9,SHOPIFY_SINGLE_AD,2025-11-03T11:00:39.659Z,alexvillagelife@gmail.com,640ffdd9f3084899b5bbb0c3,6,2025-11-03T11:00:39.659Z
69088b574b0d3c1b1ea2027b,domain.CampaignLeadScore,8118129172B34067A9FE01A8D74E8EB9,SHOPIFY_SINGLE_AD,2025-11-03T11:00:39.858Z,info@wasahotel.com,640ffdd3f3084899b5bba6f6,13,2025-11-03T11:00:39.858Z
69088b584b0d3c1b1ea2027c,domain.CampaignLeadScore,8118129172B34067A9FE01A8D74E8EB9,SHOPIFY_SINGLE_AD,2025-11-03T11:00:40.084Z,flamingo@opiaturizm.com.tr,640ffdd3f3084899b5bba8f5,6,2025-11-03T11:00:40.084Z
69088b584b0d3c1b1ea2027d,domain.CampaignLeadScore,8118129172B34067A9FE01A8D74E8EB9,SHOPIFY_SINGLE_AD,2025-11-03T11:00:40.326Z,info@istanbulmedikaltermal.com,640ffdd6f3084899b5bbabae,7,2025-11-03T11:00:40.326Z
69088b584b0d3c1b1ea2027e,domain.CampaignLeadScore,8118129172B34067A9FE01A8D74E8EB9,SHOPIFY_SINGLE_AD,2025-11-03T11:00:40.572Z,ahmetsari09@hotmail.com,640ffdbef3084899b5bb8d4e,7,2025-11-03T11:00:40.572Z
69088b584b0d3c1b1ea2027f,domain.CampaignLeadScore,8118129172B34067A9FE01A8D74E8EB9,SHOPIFY_SINGLE_AD,2025-11-03T11:00:40.778Z,info@tilyahotel.com,640ffdd0f3084899b5bba4f9,6,2025-11-03T11:00:40.778Z
69088b584b0d3c1b1ea20280,domain.CampaignLeadScore,8118129172B34067A9FE01A8D74E8EB9,SHOPIFY_SINGLE_AD,2025-11-03T11:00:40.988Z,info@idacosta.com,640ffdc4f3084899b5bb9417,6,2025-11-03T11:00:40.988Z
69088b594b0d3c1b1ea20281,domain.CampaignLeadScore,8118129172B34067A9FE01A8D74E8EB9,SHOPIFY_SINGLE_AD,2025-11-03T11:00:41.301Z,otelmete@gmail.com,640ffdcaf3084899b5bb9d27,7,2025-11-03T11:00:41.301Z
69088b594b0d3c1b1ea20282,domain.CampaignLeadScore,8118129172B34067A9FE01A8D74E8EB9,SHOPIFY_SINGLE_AD,2025-11-03T11:00:41.523Z,info@editionoldcityhotel.com,640ffdcdf3084899b5bba27e,6,2025-11-03T11:00:41.523Z
69088b594b0d3c1b1ea20283,domain.CampaignLeadScore,8118129172B34067A9FE01A8D74E8EB9,SHOPIFY_SINGLE_AD,2025-11-03T11:00:41.735Z,bilgi@albahotels.com.tr,640ffdb8f3084899b5bb84f6,6,2025-11-03T11:00:41.735Z
69088b594b0d3c1b1ea20284,domain.CampaignLeadScore,8118129172B34067A9FE01A8D74E8EB9,SHOPIFY_SINGLE_AD,2025-11-03T11:00:41.967Z,arslanlikonak@gmail.com,640ffdb8f3084899b5bb86d4,7,2025-11-03T11:00:41.967Z
69088b5a4b0d3c1b1ea20285,domain.CampaignLeadScore,8118129172B34067A9FE01A8D74E8EB9,SHOPIFY_SINGLE_AD,2025-11-03T11:00:42.203Z,info@famehotelskemer.com,640ffdd9f3084899b5bbb18e,6,2025-11-03T11:00:42.203Z
69088b5a4b0d3c1b1ea20286,domain.CampaignLeadScore,8118129172B34067A9FE01A8D74E8EB9,SHOPIFY_SINGLE_AD,2025-11-03T11:00:42.417Z,info@bianchohotel.com,640ffdbbf3084899b5bb897e,6,2025-11-03T11:00:42.417Z
69088b5a4b0d3c1b1ea20287,domain.CampaignLeadScore,8118129172B34067A9FE01A8D74E8EB9,SHOPIFY_SINGLE_AD,2025-11-03T11:00:42.627Z,info@hotelcentrumistanbul.com,640ffdbef3084899b5bb8b74,6,2025-11-03T11:00:42.627Z
69088b5a4b0d3c1b1ea20288,domain.CampaignLeadScore,8118129172B34067A9FE01A8D74E8EB9,SHOPIFY_SINGLE_AD,2025-11-03T11:00:42.830Z,info.b@businesslifehotel.com,640ffde1f3084899b5bbc08c,8,2025-11-03T11:00:42.830Z
69088b5b4b0d3c1b1ea20289,domain.CampaignLeadScore,8118129172B34067A9FE01A8D74E8EB9,SHOPIFY_SINGLE_AD,2025-11-03T11:00:43.049Z,celiksarayotel@hotmail.com,659bda5afd96225450d4085b,6,2025-11-03T11:00:43.049Z
69088b5b4b0d3c1b1ea2028a,domain.CampaignLeadScore,8118129172B34067A9FE01A8D74E8EB9,SHOPIFY_SINGLE_AD,2025-11-03T11:00:43.269Z,info@legacyottomanhotel.com,640ffdd3f3084899b5bba724,6,2025-11-03T11:00:43.269Z
69088b5b4b0d3c1b1ea2028b,domain.CampaignLeadScore,D486A426F45D454890D0D771AD93A49A,SECOND_HAND_MULTIPLE_ADS,2025-11-03T11:00:43.853Z,info@rhisosotel.com.tr,640ffde0f3084899b5bbbc18,6,2025-11-03T11:00:43.853Z
69088b5c4b0d3c1b1ea2028c,domain.CampaignLeadScore,D486A426F45D454890D0D771AD93A49A,SECOND_HAND_MULTIPLE_ADS,2025-11-03T11:00:44.084Z,info@bozcaadadestina.com,640ffdbef3084899b5bb8d9b,5,2025-11-03T11:00:44.084Z
69088b5c4b0d3c1b1ea2028d,domain.CampaignLeadScore,D486A426F45D454890D0D771AD93A49A,SECOND_HAND_MULTIPLE_ADS,2025-11-03T11:00:44.329Z,info@irisotel.com,640ffdc4f3084899b5bb9484,7,2025-11-03T11:00:44.329Z
69088b5c4b0d3c1b1ea2028e,domain.CampaignLeadScore,D486A426F45D454890D0D771AD93A49A,SECOND_HAND_MULTIPLE_ADS,2025-11-03T11:00:44.631Z,hoppala@hoppala.com.tr,640ffdc4f3084899b5bb93ba,4,2025-11-03T11:00:44.631Z
69088b5c4b0d3c1b1ea2028f,domain.CampaignLeadScore,D486A426F45D454890D0D771AD93A49A,SECOND_HAND_MULTIPLE_ADS,2025-11-03T11:00:44.853Z,info@connectthermalhotel.com,640ffde1f3084899b5bbc170,6,2025-11-03T11:00:44.853Z
69088b5d4b0d3c1b1ea20290,domain.CampaignLeadScore,D486A426F45D454890D0D771AD93A49A,SECOND_HAND_MULTIPLE_ADS,2025-11-03T11:00:45.070Z,info@hotelilayda.com,640ffdc4f3084899b5bb9421,7,2025-11-03T11:00:45.070Z
69088b5d4b0d3c1b1ea20291,domain.CampaignLeadScore,D486A426F45D454890D0D771AD93A49A,SECOND_HAND_MULTIPLE_ADS,2025-11-03T11:00:45.288Z,info@versionhotel.com,640ffdd6f3084899b5bbadfe,6,2025-11-03T11:00:45.288Z
69088b5d4b0d3c1b1ea20292,domain.CampaignLeadScore,D486A426F45D454890D0D771AD93A49A,SECOND_HAND_MULTIPLE_ADS,2025-11-03T11:00:45.524Z,info@melidiumhotel.com,640ffdcdf3084899b5bb9f6a,6,2025-11-03T11:00:45.524Z
69088b5d4b0d3c1b1ea20293,domain.CampaignLeadScore,D486A426F45D454890D0D771AD93A49A,SECOND_HAND_MULTIPLE_ADS,2025-11-03T11:00:45.745Z,info@hotelatici.com,640ffdbbf3084899b5bb8785,4,2025-11-03T11:00:45.745Z
