6916ef583ea59b1cf2214371,domain.HotelLeadScore,7,2025-11-14T08:59:04.923Z,kermanotel@hotmail.com,640ffdc4f3084899b5bb962f,Kerman Hotel,2025-11-14T08:59:04.914Z,7,7,1,7,2025-11-14T08:59:04.923Z
6916ef593ea59b1cf2214372,domain.HotelLeadScore,6,2025-11-14T08:59:05.866Z,bilgi@altinyazotel.com,640ffdb8f3084899b5bb8569,Altinyaz Hotel,2025-11-14T08:59:05.866Z,6,6,1,6,2025-11-14T08:59:05.866Z
6916ef5a3ea59b1cf2214373,domain.HotelLeadScore,39.5,2025-11-14T08:59:06.654Z,info.samsun@parkinn.com,640ffdd6f3084899b5bbac45,Park Inn by Radisson Samsun,2025-11-20T10:17:05.006Z,67,12,2,79,2025-11-20T10:17:05.006Z
6916ef5a3ea59b1cf2214374,domain.HotelLeadScore,30,2025-11-14T08:59:06.893Z,h8158-re@accor.com,640ffdc4f3084899b5bb9400,Ibis Izmir Alsancak,2025-11-20T10:17:04.924Z,72,6,3,90,2025-11-20T10:17:04.924Z
6916ef5c3ea59b1cf2214375,domain.HotelLeadScore,6,2025-11-14T08:59:08.649Z,otelkestanbol@gmail.com,640ffdc4f3084899b5bb9642,Kestanbol Hotel,2025-11-14T08:59:08.649Z,6,6,1,6,2025-11-14T08:59:08.649Z
6916ef5d3ea59b1cf2214376,domain.HotelLeadScore,42,2025-11-14T08:59:09.156Z,info.izmir@parkinn.com,640ffdd6f3084899b5bbac44,Park Inn by Radisson Izmir,2025-11-20T10:17:05.870Z,72,12,2,84,2025-11-20T10:17:05.871Z
6916ef5d3ea59b1cf2214377,domain.HotelLeadScore,44.5,2025-11-14T08:59:09.920Z,h6905-re@accor.com,640ffdc4f3084899b5bb9401,Ibis Kayseri,2025-11-20T10:17:05.827Z,77,12,2,89,2025-11-20T10:17:05.827Z
6916ef5e3ea59b1cf2214378,domain.HotelLeadScore,42,2025-11-14T08:59:10.178Z,h9328@accor.com,640ffdc4f3084899b5bb9403,Ibis Konya,2025-11-20T10:17:05.930Z,72,12,2,84,2025-11-20T10:17:05.930Z
6916ef5e3ea59b1cf2214379,domain.HotelLeadScore,6,2025-11-14T08:59:10.425Z,info@lotushotelistanbul.com,640ffdc7f3084899b5bb9876,Lotus Hotel,2025-11-14T08:59:10.424Z,6,6,1,6,2025-11-14T08:59:10.425Z
6916ef5e3ea59b1cf221437a,domain.HotelLeadScore,4,2025-11-14T08:59:10.927Z,info@hotelatici.com,640ffdbbf3084899b5bb8785,Atici Hotel,2025-11-14T08:59:10.926Z,4,4,1,4,2025-11-14T08:59:10.927Z
6916ef5f3ea59b1cf221437b,domain.HotelLeadScore,6,2025-11-14T08:59:11.428Z,reservations-kaplankaya@sixsenses.com,640ffdd3f3084899b5bba8a1,Six Senses Kaplankaya,2025-11-18T18:29:31.785Z,9,4,3,18,2025-11-18T18:29:31.785Z
6916ef603ea59b1cf221437c,domain.HotelLeadScore,6,2025-11-14T08:59:12.647Z,ipsalaparkhotel@gmail.com,640ffde1f3084899b5bbc032,Ipsala Park Hotel,2025-11-14T08:59:12.646Z,6,6,1,6,2025-11-14T08:59:12.647Z
6916ef603ea59b1cf221437d,domain.HotelLeadScore,6,2025-11-14T08:59:12.895Z,info@otelzade.com.tr,640ffdd3f3084899b5bba9c3,Hotel Zade,2025-11-14T08:59:12.894Z,6,6,1,6,2025-11-14T08:59:12.895Z
6916ef613ea59b1cf221437e,domain.HotelLeadScore,4,2025-11-14T08:59:13.686Z,info@bayrakgrandhotel.com,640ffde1f3084899b5bbc13f,BAYRAK GRAND HOTEL,2025-11-14T08:59:13.685Z,4,4,1,4,2025-11-14T08:59:13.686Z
6916ef613ea59b1cf221437f,domain.HotelLeadScore,4,2025-11-14T08:59:13.937Z,lostasahilevi@gmail.com,640ffdc7f3084899b5bb9870,Losta Sahil Evi - Adults Only +12,2025-11-14T08:59:13.936Z,4,4,2,8,2025-11-14T08:59:13.937Z
6916ef633ea59b1cf2214380,domain.HotelLeadScore,14,2025-11-14T08:59:15.388Z,marti@marti.com.tr,640ffddef3084899b5bbb7e0,Marti Resort Deluxe Hotel,2025-11-20T10:17:06.922Z,24,4,2,28,2025-11-20T10:17:06.922Z
6916ef633ea59b1cf2214381,domain.HotelLeadScore,6,2025-11-14T08:59:15.640Z,info@aquaprincess.com,640ffdb8f3084899b5bb8682,Aqua Princess Hotel,2025-11-14T08:59:15.640Z,6,6,1,6,2025-11-14T08:59:15.640Z
6916ef633ea59b1cf2214382,domain.HotelLeadScore,6,2025-11-14T08:59:15.889Z,info@aquariusotel.com,640ffdb8f3084899b5bb8685,Aquarius Hotel,2025-11-14T08:59:15.888Z,6,6,1,6,2025-11-14T08:59:15.889Z
6916ef643ea59b1cf2214383,domain.HotelLeadScore,7,2025-11-14T08:59:16.396Z,iletisim@sirincemsaklivadi.com.tr,640ffdb8f3084899b5bb8442,Sirincem Sakli Vadi,2025-11-14T08:59:16.396Z,8,6,2,14,2025-11-14T08:59:16.396Z
6916ef653ea59b1cf2214384,domain.HotelLeadScore,55,2025-11-14T08:59:17.279Z,premiumgocek@rixos.com,640ffdd6f3084899b5bbab0d,Club Prive by Rixos Gocek,2025-11-20T10:17:08.772Z,86,24,2,110,2025-11-20T10:17:08.772Z
6916ef653ea59b1cf2214385,domain.HotelLeadScore,56,2025-11-14T08:59:17.532Z,H9494@accor.com,640ffdd6f3084899b5bbac2d,Novotel Diyarbakir,2025-11-20T10:17:08.814Z,100,12,2,112,2025-11-20T10:17:08.814Z
6916ef663ea59b1cf2214386,domain.HotelLeadScore,42,2025-11-14T08:59:18.038Z,H8654@accor.com,640ffdd3f3084899b5bba9ac,Novotel Istanbul Bosphorus Hotel,2025-11-20T10:17:09.771Z,72,12,2,84,2025-11-20T10:17:09.771Z
6916ef673ea59b1cf2214387,domain.HotelLeadScore,6,2025-11-14T08:59:19.963Z,info@homelikeresidence.com,640ffdcdf3084899b5bba234,Homelike Residence,2025-11-14T08:59:19.963Z,6,6,1,6,2025-11-14T08:59:19.963Z
6916ef683ea59b1cf2214388,domain.HotelLeadScore,13,2025-11-14T08:59:20.201Z,info@kutlehotel.com,640ffdc7f3084899b5bb973d,Kutle Hotel,2025-11-14T08:59:20.201Z,13,13,1,13,2025-11-14T08:59:20.201Z
6916ef683ea59b1cf2214389,domain.HotelLeadScore,6,2025-11-14T08:59:20.964Z,info@zigoshotel.com,640ffddef3084899b5bbb7cf,Zigo's Hotel,2025-11-14T08:59:20.964Z,6,6,1,6,2025-11-14T08:59:20.964Z
6916ef6a3ea59b1cf221438a,domain.HotelLeadScore,44,2025-11-14T08:59:22.700Z,ha4n2@accor.com,640ffdd9f3084899b5bbaf97,Mövenpick Hotel & Thermal Spa Bursa,2025-11-20T10:17:10.765Z,76,12,2,88,2025-11-20T10:17:10.765Z
6916ef6b3ea59b1cf221438b,domain.HotelLeadScore,6,2025-11-14T08:59:23.193Z,rezervasyon@besthotelkadikoy.com,640ffde1f3084899b5bbc145,BEST HOTEL KADIKOY,2025-11-14T08:59:23.193Z,6,6,1,6,2025-11-14T08:59:23.193Z
6916ef6b3ea59b1cf221438c,domain.HotelLeadScore,4,2025-11-14T08:59:23.691Z,hotelakay@hotmail.com,640ffdb8f3084899b5bb8459,Akay Hotel,2025-11-19T10:42:14.001Z,4,4,1,4,2025-11-19T10:42:14.001Z
6916ef6d3ea59b1cf221438d,domain.HotelLeadScore,13,2025-11-14T08:59:25.475Z,8roomsgelibolu@gmail.com,640ffdd9f3084899b5bbae74,8 Rooms Boutique Hotel,2025-11-14T08:59:25.475Z,13,13,1,13,2025-11-14T08:59:25.475Z
6916ef6d3ea59b1cf221438e,domain.HotelLeadScore,44,2025-11-14T08:59:25.717Z,HB357@accor.com,640ffdd6f3084899b5bbad52,ibis Styles Istanbul Bomonti,2025-11-20T10:17:12.821Z,72,16,2,88,2025-11-20T10:17:12.821Z
6916ef6d3ea59b1cf221438f,domain.HotelLeadScore,9,2025-11-14T08:59:25.951Z,idanatura@gmail.com,640ffdc4f3084899b5bb9411,Kazdaglari Ida Natura Bungalov Hotel,2025-11-14T08:59:25.951Z,9,9,1,9,2025-11-14T08:59:25.951Z
6916ef6e3ea59b1cf2214390,domain.HotelLeadScore,64,2025-11-14T08:59:26.446Z,info@kuzucularparkhotel.com,640ffdc7f3084899b5bb9749,Kuzucular Park Hotel,2025-11-14T08:59:26.446Z,64,64,1,64,2025-11-14T08:59:26.446Z
6916ef6e3ea59b1cf2214391,domain.HotelLeadScore,6,2025-11-14T08:59:26.682Z,info@lonicera.com.tr,640ffdc7f3084899b5bb9868,Lonicera World - Ultra All Inclusive,2025-11-14T08:59:26.681Z,6,6,1,6,2025-11-14T08:59:26.682Z
6916ef6f3ea59b1cf2214392,domain.HotelLeadScore,6,2025-11-14T08:59:27.175Z,info@kaleiciotel.com.tr,640ffdc4f3084899b5bb9535,Kale Ici Hotel,2025-11-14T08:59:27.175Z,6,6,1,6,2025-11-14T08:59:27.175Z
6916ef6f3ea59b1cf2214393,domain.HotelLeadScore,6,2025-11-14T08:59:27.430Z,info@bardenotel.com.tr,640ffdbbf3084899b5bb8896,Barden Hotel&Spa,2025-11-14T08:59:27.430Z,6,6,1,6,2025-11-14T08:59:27.430Z
6916ef6f3ea59b1cf2214394,domain.HotelLeadScore,346,2025-11-14T08:59:27.920Z,info@karskalehotel.com,640ffdc4f3084899b5bb9538,Kale Hotel Kars,2025-11-14T08:59:27.920Z,346,346,1,346,2025-11-14T08:59:27.920Z
6916ef703ea59b1cf2214395,domain.HotelLeadScore,7,2025-11-14T08:59:28.153Z,info@idacosta.com,640ffdc4f3084899b5bb9417,Ida Costa Hotel - Special Category,2025-11-14T08:59:28.153Z,8,6,2,14,2025-11-14T08:59:28.153Z
6916ef703ea59b1cf2214396,domain.HotelLeadScore,8,2025-11-14T08:59:28.900Z,karaburunkonak@gmail.com,640ffdc7f3084899b5bb9741,Kuyucak Konak Hotel,2025-11-14T08:59:28.900Z,14,6,4,32,2025-11-14T08:59:28.900Z
6916ef713ea59b1cf2214397,domain.HotelLeadScore,6,2025-11-14T08:59:29.672Z,ankara_info@hilton.com,6578fe71ff565b563a83a96f,Ankara HiltonSA,2025-11-14T08:59:29.671Z,6,6,1,6,2025-11-14T08:59:29.672Z
6916ef713ea59b1cf2214398,domain.HotelLeadScore,6,2025-11-14T08:59:29.912Z,info@tunacanhotel.com,640ffdd0f3084899b5bba57a,Tunacan Hotel,2025-11-14T08:59:29.912Z,6,6,1,6,2025-11-14T08:59:29.912Z
6916ef723ea59b1cf2214399,domain.HotelLeadScore,6,2025-11-14T08:59:30.413Z,info@tusan.com.tr,6578fe71ff565b563a83a96c,Tusan Beach Resort,2025-11-19T10:42:16.094Z,6,6,1,6,2025-11-19T10:42:16.094Z
6916ef723ea59b1cf221439a,domain.HotelLeadScore,7,2025-11-14T08:59:30.663Z,info@hotelakar.com,640ffdb8f3084899b5bb8454,Akar Hotel,2025-11-14T08:59:39.605Z,8,6,2,14,2025-11-14T08:59:39.605Z
6916ef723ea59b1cf221439b,domain.HotelLeadScore,6.333333333333333,2025-11-14T08:59:30.899Z,rezervasyon@kuredagevi.com,640ffdc7f3084899b5bb972f,Kure Dag Evi,2025-11-14T08:59:30.899Z,7,6,3,19,2025-11-14T08:59:30.899Z
6916ef733ea59b1cf221439c,domain.HotelLeadScore,9,2025-11-14T08:59:31.392Z,info@mylomehotels.com,6578fe6eff565b563a83a935,Mylome Luxury Hotel & Resort,2025-11-20T10:17:18.855Z,14,4,2,18,2025-11-20T10:17:18.855Z
6916ef733ea59b1cf221439d,domain.HotelLeadScore,12,2025-11-14T08:59:31.882Z,rezervasyon@akarhotel.com.tr,640ffdb8f3084899b5bb8453,Akar International Hotel,2025-11-14T08:59:31.882Z,12,12,1,12,2025-11-14T08:59:31.882Z
6916ef74b2f5ef419592626a,domain.HotelLeadScore,4,2025-11-14T08:59:32.556Z,info@palomamarina.com,640ffdcdf3084899b5bba198,Paloma Marina Suites - Adult Only,2025-11-14T09:02:12.875Z,4,4,1,4,2025-11-14T09:02:12.875Z
6916ef74b2f5ef419592626b,domain.HotelLeadScore,42,2025-11-14T08:59:32.615Z,h9152-re@accor.com,640ffdc4f3084899b5bb93fa,ibis Ankara Airport Hotel,2025-11-20T10:17:03.900Z,72,12,2,84,2025-11-20T10:17:03.901Z
6916ef74b2f5ef419592626c,domain.HotelLeadScore,12,2025-11-14T08:59:32.666Z,h7260-re@accor.com,640ffdc4f3084899b5bb93fc,Ibis Bursa,2025-11-14T09:00:30.900Z,12,12,1,12,2025-11-14T09:00:30.901Z
6916ef74b2f5ef419592626d,domain.HotelLeadScore,11.5,2025-11-14T08:59:32.716Z,info.bodrumprincess@kairaba-hotels.com,640ffdcdf3084899b5bba195,KAIRABA Bodrum Princess and Spa,2025-11-20T10:17:04.062Z,19,4,2,23,2025-11-20T10:17:04.062Z
6916ef743ea59b1cf221439e,domain.HotelLeadScore,4,2025-11-14T08:59:32.630Z,info@litorehotel.com,640ffdc7f3084899b5bb984e,Litore Resort Hotel & Spa - Ultra All Inclusive,2025-11-14T08:59:32.630Z,4,4,1,4,2025-11-14T08:59:32.630Z
6916ef75b2f5ef419592626e,domain.HotelLeadScore,44.5,2025-11-14T08:59:33.302Z,h6915@accor.com,640ffdc4f3084899b5bb93fd,Ibis Gaziantep,2025-11-20T10:17:04.133Z,77,12,2,89,2025-11-20T10:17:04.133Z
6916ef75b2f5ef419592626f,domain.HotelLeadScore,42,2025-11-14T08:59:33.348Z,h5998@accor.com,640ffdc4f3084899b5bb93ff,Ibis Istanbul Zeytinburnu,2025-11-20T10:17:04.780Z,72,12,2,84,2025-11-20T10:17:04.780Z
6916ef75b2f5ef4195926270,domain.HotelLeadScore,27.5,2025-11-14T08:59:33.408Z,info.hagiasophia@radissonindividuals.com,640ffde2f3084899b5bbc4b0,"Royan Hotel Hagia Sophia, a member of Radisson Individuals",2025-11-20T10:17:04.841Z,43,12,2,55,2025-11-20T10:17:04.841Z
6916ef75b2f5ef4195926271,domain.HotelLeadScore,42,2025-11-14T08:59:33.465Z,info@susesihotel.com,6578fe6aff565b563a83a904,Susesi Luxury Resort,2025-11-20T10:17:05.763Z,72,12,2,84,2025-11-20T10:17:05.763Z
6916ef753ea59b1cf221439f,domain.HotelLeadScore,8,2025-11-14T08:59:33.463Z,info@kahraotel.com,640ffde2f3084899b5bbc402,Kahra Otel,2025-11-14T08:59:33.462Z,8,8,1,8,2025-11-14T08:59:33.463Z
6916ef76b2f5ef4195926272,domain.HotelLeadScore,14,2025-11-14T08:59:34.473Z,info@orangecounty.com.tr,640ffdcaf3084899b5bb9c8e,Orange County Kemer - Adult Only,2025-11-20T10:17:05.995Z,24,4,2,28,2025-11-20T10:17:05.995Z
6916ef77b2f5ef4195926273,domain.HotelLeadScore,9,2025-11-14T08:59:35.309Z,info@alavya.com.tr,640ffdb8f3084899b5bb84f1,Alavya,2025-11-20T10:17:06.037Z,14,4,2,18,2025-11-20T10:17:06.037Z
6916ef77b2f5ef4195926274,domain.HotelLeadScore,27,2025-11-14T08:59:35.360Z,info@clubmarvy.com,640ffdcaf3084899b5bb9de0,Club Marvy,2025-11-20T10:17:06.765Z,38,16,2,54,2025-11-20T10:17:06.765Z
6916ef773ea59b1cf22143a0,domain.HotelLeadScore,6,2025-11-14T08:59:35.241Z,safakaltunakar@hotmail.com,640ffdb8f3084899b5bb8570,Altunakar 1 Hotel,2025-11-14T08:59:35.240Z,6,6,2,12,2025-11-14T08:59:35.241Z
6916ef77b2f5ef4195926275,domain.HotelLeadScore,14,2025-11-14T08:59:35.408Z,res.istanbul@fourseasons.com,640ffdc1f3084899b5bb907f,Four Seasons Hotel Istanbul at Sultanahmet,2025-11-20T10:17:06.810Z,24,4,2,28,2025-11-20T10:17:06.810Z
6916ef77b2f5ef4195926276,domain.HotelLeadScore,11.5,2025-11-14T08:59:35.458Z,info@dmarisbay.com,640ffdbef3084899b5bb8da4,D Maris Bay,2025-11-20T10:17:06.861Z,19,4,2,23,2025-11-20T10:17:06.861Z
6916ef783ea59b1cf22143a1,domain.HotelLeadScore,9,2025-11-14T08:59:36.263Z,info@lakeriversidehotel.com,640ffdc7f3084899b5bb976b,Lake & River Side Hotel & Spa - Ultra All Inclusive,2025-11-20T10:17:20.786Z,14,4,2,18,2025-11-20T10:17:20.786Z
6916ef78b2f5ef4195926277,domain.HotelLeadScore,47,2025-11-14T08:59:36.460Z,info.sakarya@radissonblu.com,640ffddef3084899b5bbb978,"Radisson Blu Hotel, Sakarya",2025-11-20T10:17:10.720Z,82,12,2,94,2025-11-20T10:17:10.720Z
6916ef79b2f5ef4195926278,domain.HotelLeadScore,16,2025-11-14T08:59:37.363Z,info@greennaturehotels.com,6578fe6cff565b563a83a919,Green Nature Diamond Hotel,2025-11-20T10:17:11.795Z,28,4,2,32,2025-11-20T10:17:11.795Z
6916ef79b2f5ef4195926279,domain.HotelLeadScore,11.5,2025-11-14T08:59:37.417Z,gul.yildirimak@hilton.com,640ffdc4f3084899b5bb9374,Hilton Garden Inn Erzincan,2025-11-20T10:17:11.883Z,19,4,2,23,2025-11-20T10:17:11.883Z
6916ef79b2f5ef419592627a,domain.HotelLeadScore,11.5,2025-11-14T08:59:37.463Z,dilara.guven@hilton.com,640ffdc4f3084899b5bb9377,Hilton Garden Inn Istanbul Atatürk Airport,2025-11-20T10:17:12.779Z,19,4,2,23,2025-11-20T10:17:12.779Z
6916ef793ea59b1cf22143a2,domain.HotelLeadScore,6,2025-11-14T08:59:37.370Z,info@endaboutiquehotel.com,640ffdc1f3084899b5bb8f39,Enda Boutique Hotel Kalkan,2025-11-14T08:59:37.369Z,6,6,1,6,2025-11-14T08:59:37.370Z
6916ef7ab2f5ef419592627b,domain.HotelLeadScore,8,2025-11-14T08:59:38.276Z,fbkonukevi@fenerbahce.org,640ffdc1f3084899b5bb9017,Fenerbahce Spor Kulubu Konukevi,2025-11-14T09:02:24.454Z,8,8,1,8,2025-11-14T09:02:24.454Z
6916ef7ab2f5ef419592627c,domain.HotelLeadScore,14,2025-11-14T08:59:38.331Z,callcenter@elahotels.com,640ffdbef3084899b5bb8ec4,Ela Excellence Resort Belek,2025-11-20T10:17:13.829Z,24,4,2,28,2025-11-20T10:17:13.829Z
6916ef7ab2f5ef419592627d,domain.HotelLeadScore,12,2025-11-14T08:59:38.377Z,info.odayeri.istanbul@parkinn.com,640ffdd9f3084899b5bbafb0,Park Inn by Radisson Istanbul Airport Odayeri,2025-11-14T09:02:25.214Z,12,12,1,12,2025-11-14T09:02:25.214Z
6916ef7ab2f5ef419592627e,domain.HotelLeadScore,5.413793103448276,2025-11-14T08:59:38.423Z,info@albahotels.com.tr,640ffdb8f3084899b5bb84f7,Alba Resort Hotel,2025-11-14T09:01:33.630Z,6,4,58,314,2025-11-14T09:01:33.631Z
6916ef7ab2f5ef419592627f,domain.HotelLeadScore,25,2025-11-14T08:59:38.473Z,info@palomahotels.com,6578fe6aff565b563a83a906,Paloma Foresta,2025-11-20T10:17:14.768Z,38,12,2,50,2025-11-20T10:17:14.768Z
6916ef7ab2f5ef4195926280,domain.HotelLeadScore,9,2025-11-14T08:59:38.519Z,info@melashotels.com,640ffdc7f3084899b5bb99a9,Melas Resort Hotel,2025-11-20T10:17:15.722Z,14,4,2,18,2025-11-20T10:17:15.722Z
6916ef7bb2f5ef4195926281,domain.HotelLeadScore,7.072727272727272,2025-11-14T08:59:39.317Z,bilgi@albahotels.com.tr,640ffdb8f3084899b5bb84f6,Alba Queen Hotel,2025-11-20T10:17:15.772Z,99,4,55,389,2025-11-20T10:17:15.772Z
6916ef7bb2f5ef4195926282,domain.HotelLeadScore,18,2025-11-14T08:59:39.361Z,info@hibursacitycentre.com,640ffdd6f3084899b5bbab97,"Holiday Inn Bursa - City Centre, an IHG Hotel",2025-11-20T10:17:16.755Z,28,8,2,36,2025-11-20T10:17:16.755Z
6916ef7bb2f5ef4195926283,domain.HotelLeadScore,23,2025-11-14T08:59:39.412Z,reservation.izmir@renaissancehotels.com,640ffdcdf3084899b5bb9f88,Renaissance Izmir Hotel,2025-11-20T10:17:16.811Z,38,8,2,46,2025-11-20T10:17:16.812Z
6916ef7bb2f5ef4195926284,domain.HotelLeadScore,18,2025-11-14T08:59:39.464Z,info.kemer@miradahotels.com,640ffdc7f3084899b5bb9a5a,Mirada Del Mar Hotel,2025-11-20T10:17:17.779Z,28,8,2,36,2025-11-20T10:17:17.779Z
6916ef7bb2f5ef4195926285,domain.HotelLeadScore,9,2025-11-14T08:59:39.510Z,infolara@melashotels.com,640ffdc7f3084899b5bb99a5,Melas Lara Hotel,2025-11-20T10:17:17.820Z,14,4,2,18,2025-11-20T10:17:17.820Z
6916ef7bb2f5ef4195926286,domain.HotelLeadScore,48.5,2025-11-14T08:59:39.558Z,mgallerybodrum@accor.com,640ffde0f3084899b5bbbc65,MGallery The Bodrum Hotel Yalikavak,2025-11-20T10:17:18.774Z,77,20,2,97,2025-11-20T10:17:18.774Z
6916ef7a3ea59b1cf22143a3,domain.HotelLeadScore,9,2025-11-14T08:59:38.806Z,info@sueno.com.tr,6578fe6eff565b563a83a934,sueno hotels deluxe belek,2025-11-20T10:17:20.883Z,14,4,2,18,2025-11-20T10:17:20.883Z
6916ef7bb2f5ef4195926287,domain.HotelLeadScore,44.5,2025-11-14T08:59:39.651Z,hb883@accor.com,640ffde0f3084899b5bbbc66,Mövenpick Hotel Istanbul Asia Airport,2025-11-20T10:17:18.816Z,77,12,2,89,2025-11-20T10:17:18.816Z
6916ef7bb2f5ef4195926288,domain.HotelLeadScore,14,2025-11-14T08:59:39.792Z,palm@trendy.com.tr,640ffdd0f3084899b5bba543,Trendy Palm Beach,2025-11-20T10:17:19.855Z,24,4,2,28,2025-11-20T10:17:19.855Z
6916ef7cb2f5ef4195926289,domain.HotelLeadScore,23,2025-11-14T08:59:40.313Z,renka@renkagocek.com,640ffdcdf3084899b5bb9f8e,Renka Hotel & Spa,2025-11-20T10:17:19.893Z,38,8,2,46,2025-11-20T10:17:19.893Z
6916ef7cb2f5ef419592628a,domain.HotelLeadScore,14,2025-11-14T08:59:40.416Z,side@trendy.com.tr,640ffdd0f3084899b5bba544,Trendy Side Beach Hotel,2025-11-20T10:17:20.832Z,24,4,2,28,2025-11-20T10:17:20.832Z
6916ef7c3ea59b1cf22143a4,domain.HotelLeadScore,11,2025-11-14T08:59:40.344Z,information@pointhotel.com,640ffdd6f3084899b5bbac5b,Point Hotel Ankara,2025-11-20T10:17:21.781Z,14,8,2,22,2025-11-20T10:17:21.782Z
6916ef7cb2f5ef419592628b,domain.HotelLeadScore,6.5,2025-11-14T08:59:40.515Z,info@trendy.com.tr,640ffdd0f3084899b5bba541,Trendy Lara,2025-11-20T10:17:21.832Z,9,4,2,13,2025-11-20T10:17:21.832Z
6916ef7cb2f5ef419592628c,domain.HotelLeadScore,51.5,2025-11-14T08:59:40.614Z,info.diyarbakir@radissonblu.com,640ffdd6f3084899b5bbac5a,"Radisson Blu Hotel, Diyarbakir",2025-11-20T10:17:21.877Z,91,12,2,103,2025-11-20T10:17:21.877Z
6916ef7cb2f5ef419592628d,domain.HotelLeadScore,20.5,2025-11-14T08:59:40.662Z,info.bodrum@miradahotels.com,640ffde3f3084899b5bbc7af,Mirada Exclusive Bodrum,2025-11-20T10:17:22.725Z,33,8,2,41,2025-11-20T10:17:22.725Z
6916ef7cb2f5ef419592628e,domain.HotelLeadScore,8,2025-11-14T08:59:40.714Z,info@grandhamit.com,640ffde4f3084899b5bbcc58,GRAND HAMIT By Karadayi Airport Hotel,2025-11-14T08:59:43.230Z,8,8,1,8,2025-11-14T08:59:43.230Z
6916ef7c3ea59b1cf22143a5,domain.HotelLeadScore,6,2025-11-14T08:59:40.602Z,info@ottoperlahotel.com,640ffddbf3084899b5bbb278,Ottoperla Hotel,2025-11-14T08:59:40.601Z,6,6,1,6,2025-11-14T08:59:40.602Z
6916ef7db2f5ef419592628f,domain.HotelLeadScore,14,2025-11-14T08:59:41.276Z,info@concordehotels.com.tr,640ffdbef3084899b5bb8c7f,Concorde De Luxe Resort - Ultra All Inclusive,2025-11-20T10:17:22.889Z,24,4,2,28,2025-11-20T10:17:22.889Z
6916ef7db2f5ef4195926290,domain.HotelLeadScore,16,2025-11-14T08:59:41.326Z,marmaris@eliteworldhotels.com.tr,640ffdbef3084899b5bb8ef3,Elite World Marmaris Hotel - Adult Only +14,2025-11-20T10:17:22.835Z,38,4,3,48,2025-11-20T10:17:22.835Z
6916ef7db2f5ef4195926291,domain.HotelLeadScore,14,2025-11-14T08:59:41.374Z,taksim@eliteworldhotels.com.tr,640ffdbef3084899b5bb8ef0,Elite World Istanbul Taksim Hotel,2025-11-20T10:17:22.943Z,24,6,3,42,2025-11-20T10:17:22.943Z
6916ef7db2f5ef4195926292,domain.HotelLeadScore,4,2025-11-14T08:59:41.422Z,florya@eliteworldhotels.com.tr,640ffdbef3084899b5bb8ef1,Elite World Istanbul Florya Hotel,2025-11-14T09:01:37.550Z,4,4,1,4,2025-11-14T09:01:37.550Z
6916ef7db2f5ef4195926293,domain.HotelLeadScore,11.5,2025-11-14T08:59:41.469Z,info.bodrumimperial@kairaba-hotels.com,640ffdd9f3084899b5bbb191,Kairaba Bodrum Imperial,2025-11-20T10:17:23.772Z,19,4,2,23,2025-11-20T10:17:23.772Z
6916ef7db2f5ef4195926294,domain.HotelLeadScore,6.5,2025-11-14T08:59:41.516Z,info.waterworld@crystalhotels.com.tr,640ffdbef3084899b5bb8cb5,Crystal Waterworld Resort & Spa - Ultimate All Inclusive,2025-11-20T10:17:23.815Z,9,4,2,13,2025-11-20T10:17:23.815Z
6916ef7db2f5ef4195926295,domain.HotelLeadScore,6.5,2025-11-14T08:59:41.569Z,info@crystalhotels.com.tr,640ffdbef3084899b5bb8cb2,Crystal Paraiso Verde Resort & Spa - Ultimate All Inclusive,2025-11-20T10:17:23.855Z,9,4,2,13,2025-11-20T10:17:23.855Z
6916ef7db2f5ef4195926296,domain.HotelLeadScore,14,2025-11-14T08:59:41.628Z,comfy.taksim@eliteworldhotels.com.tr,640ffdbef3084899b5bb8ef4,Elite World Comfy Taksim Hotel,2025-11-20T10:17:23.895Z,24,4,2,28,2025-11-20T10:17:23.895Z
6916ef7db2f5ef4195926297,domain.HotelLeadScore,9,2025-11-14T08:59:41.677Z,info@lykiaworld.com,640ffdc7f3084899b5bb9899,Lykia World Antalya,2025-11-20T10:17:23.979Z,14,4,2,18,2025-11-20T10:17:23.979Z
6916ef7db2f5ef4195926298,domain.HotelLeadScore,14,2025-11-14T08:59:41.725Z,van@eliteworldhotels.com.tr,640ffdbef3084899b5bb8ef5,Elite World Van Hotel,2025-11-20T10:17:23.938Z,24,4,2,28,2025-11-20T10:17:23.938Z
6916ef7db2f5ef4195926299,domain.HotelLeadScore,9,2025-11-14T08:59:41.770Z,info@cpcappadocia.com,640ffdd6f3084899b5bbada9,"Crowne Plaza Cappadocia - Nevsehir, an IHG Hotel",2025-11-20T10:17:24.774Z,14,4,2,18,2025-11-20T10:17:24.774Z
6916ef7eb2f5ef419592629a,domain.HotelLeadScore,18,2025-11-14T08:59:42.319Z,hotel.istanbul.goldenhorn@moevenpick.com,640ffdc7f3084899b5bb9ac3,Mövenpick Istanbul Hotel Golden Horn,2025-11-20T10:17:24.814Z,24,12,2,36,2025-11-20T10:17:24.814Z
6916ef7eb2f5ef419592629b,domain.HotelLeadScore,6.5,2025-11-14T08:59:42.364Z,info.greenbay@crystalhotels.com.tr,640ffdbef3084899b5bb8ca9,Crystal Green Bay Resort & Spa - Ultimate All Inclusive,2025-11-20T10:17:24.871Z,9,4,2,13,2025-11-20T10:17:24.871Z
6916ef7eb2f5ef419592629c,domain.HotelLeadScore,46,2025-11-14T08:59:42.411Z,info.avrupa@radisson.com,640ffdbbf3084899b5bb87c2,Radisson Residences Avrupa TEM Istanbul,2025-11-20T10:17:24.911Z,72,20,2,92,2025-11-20T10:17:24.911Z
6916ef7eb2f5ef419592629d,domain.HotelLeadScore,32,2025-11-14T08:59:42.455Z,info@selectumhotels.com,640ffdd6f3084899b5bbaac6,Selectum Luxury Resort Belek,2025-11-20T10:17:24.989Z,48,16,2,64,2025-11-20T10:17:24.989Z
6916ef7eb2f5ef419592629e,domain.HotelLeadScore,20.5,2025-11-14T08:59:42.506Z,info@megasarayside.com,640ffdc1f3084899b5bb921d,Grand Prestige Hotel & Spa,2025-11-20T10:17:25.750Z,33,8,2,41,2025-11-20T10:17:25.750Z
6916ef7eb2f5ef419592629f,domain.HotelLeadScore,11.5,2025-11-14T08:59:42.554Z,info.alanturresort@labranda.com,640ffdc7f3084899b5bb991b,Labranda Alantur,2025-11-20T10:17:25.810Z,19,4,2,23,2025-11-20T10:17:25.810Z
6916ef7eb2f5ef41959262a0,domain.HotelLeadScore,18,2025-11-14T08:59:42.599Z,HB2J8@accor.com,640ffdcdf3084899b5bb9f93,Mercure Istanbul Umraniye,2025-11-20T10:17:25.850Z,24,12,2,36,2025-11-20T10:17:25.850Z
6916ef7eb2f5ef41959262a1,domain.HotelLeadScore,14,2025-11-14T08:59:42.645Z,info@iphotels.com.tr,640ffdd3f3084899b5bba932,Ideal Panorama Hotel,2025-11-20T10:17:25.903Z,24,4,2,28,2025-11-20T10:17:25.903Z
6916ef7eb2f5ef41959262a2,domain.HotelLeadScore,47,2025-11-14T08:59:42.705Z,downtown@rixos.com,640ffdcdf3084899b5bb9fd3,Rixos Downtown Antalya All Inclusive - The Land of Legends Access,2025-11-20T10:17:25.943Z,82,12,2,94,2025-11-20T10:17:25.943Z
6916ef7eb2f5ef41959262a3,domain.HotelLeadScore,44,2025-11-14T08:59:42.752Z,rhgck.OnlineReservation@rixos.com,640ffdcdf3084899b5bb9fd2,Rixos Premium Göcek - Adult Only,2025-11-20T10:17:25.983Z,72,16,2,88,2025-11-20T10:17:25.983Z
6916ef7fb2f5ef41959262a4,domain.HotelLeadScore,28,2025-11-14T08:59:43.320Z,bodrum@rixos.com,640ffdcdf3084899b5bb9fd0,Rixos Premium Bodrum,2025-11-20T10:17:26.024Z,48,8,2,56,2025-11-20T10:17:26.024Z
6916ef7fb2f5ef41959262a5,domain.HotelLeadScore,8,2025-11-14T08:59:43.369Z,info@ruinadalia.com.tr,640ffdb8f3084899b5bb83ac,RuinAdalia Hotel,2025-11-14T09:01:42.145Z,8,8,1,8,2025-11-14T09:01:42.145Z
6916ef7fb2f5ef41959262a6,domain.HotelLeadScore,6.5,2025-11-14T08:59:43.424Z,info.tatbeach@crystalhotels.com.tr,6578fe70ff565b563a83a962,Crystal Tat Beach Golf Resort & Spa,2025-11-20T10:17:26.768Z,9,4,2,13,2025-11-20T10:17:26.768Z
6916ef7fb2f5ef41959262a7,domain.HotelLeadScore,16.5,2025-11-14T08:59:43.474Z,info@korumar.com.tr,640ffdc7f3084899b5bb96f0,Korumar Hotel Deluxe,2025-11-20T10:17:26.811Z,29,4,2,33,2025-11-20T10:17:26.811Z
6916ef7fb2f5ef41959262a8,domain.HotelLeadScore,27.5,2025-11-14T08:59:43.522Z,info.pera.istanbul@radissonblu.com,640ffdcdf3084899b5bb9f29,Radisson Blu Hotel Istanbul Pera,2025-11-20T10:17:26.895Z,39,16,2,55,2025-11-20T10:17:26.895Z
6916ef7fb2f5ef41959262a9,domain.HotelLeadScore,48.5,2025-11-14T08:59:43.569Z,info.kayseri@radissonblu.com,640ffdcdf3084899b5bb9f28,"Radisson Blu Hotel, Kayseri",2025-11-20T10:17:26.935Z,77,20,2,97,2025-11-20T10:17:26.935Z
6916ef7fb2f5ef41959262aa,domain.HotelLeadScore,22.21818181818182,2025-11-14T08:59:43.616Z,sisli-info@themarmarahotels.com,640ffdd0f3084899b5bba4b9,The Marmara Sisli,2025-11-20T10:17:26.980Z,63,6,55,1222,2025-11-20T10:17:26.980Z
6916ef7fb2f5ef41959262ab,domain.HotelLeadScore,6.5,2025-11-14T08:59:43.671Z,info.admiral@crystalhotels.com.tr,6578fe70ff565b563a83a966,Crystal Admiral Resort Suites & Spa,2025-11-20T10:17:27.777Z,9,4,2,13,2025-11-20T10:17:27.777Z
6916ef7fb2f5ef41959262ac,domain.HotelLeadScore,54,2025-11-14T08:59:43.717Z,info.sisli.istanbul@radissonblu.com,640ffdcdf3084899b5bb9f26,"Radisson Blu Hotel, Istanbul Sisli",2025-11-20T10:17:27.903Z,96,12,2,108,2025-11-20T10:17:27.903Z
6916ef7fb2f5ef41959262ad,domain.HotelLeadScore,14,2025-11-14T08:59:43.766Z,info@c-loungehotel.com,640ffdd0f3084899b5bba371,Sunprime C-Lounge - Adult Only,2025-11-20T10:17:27.817Z,24,4,2,28,2025-11-20T10:17:27.817Z
6916ef7fb2f5ef41959262ae,domain.HotelLeadScore,6.5,2025-11-14T08:59:43.822Z,info@cpbursa.com,640ffdbef3084899b5bb8ca3,"Crowne Plaza Bursa Convention Center & Thermal Spa, an IHG Hotel",2025-11-20T10:17:27.945Z,9,4,2,13,2025-11-20T10:17:27.945Z
6916ef7fb2f5ef41959262af,domain.HotelLeadScore,4,2025-11-14T08:59:43.869Z,info@eliteworldhotels.com.tr,640ffdd6f3084899b5bbab37,Elite World Grand Istanbul Basin Ekspres Hotel,2025-11-14T09:00:00.232Z,4,4,1,4,2025-11-14T09:00:00.232Z
6916ef7fb2f5ef41959262b0,domain.HotelLeadScore,9,2025-11-14T08:59:43.917Z,info@thekariahotel.com,640ffdc4f3084899b5bb95ac,Hotel Karia Princess,2025-11-20T10:17:27.987Z,14,4,2,18,2025-11-20T10:17:27.987Z
6916ef7fb2f5ef41959262b1,domain.HotelLeadScore,46,2025-11-14T08:59:43.964Z,info.asia.istanbul@radissonblu.com,640ffdcdf3084899b5bb9f25,Radisson Blu Hotel Istanbul Asia,2025-11-20T10:17:28.777Z,72,20,2,92,2025-11-20T10:17:28.777Z
6916ef80b2f5ef41959262b2,domain.HotelLeadScore,42,2025-11-14T08:59:44.011Z,HB634@accor.com,640ffdbbf3084899b5bb89df,Mercure Istanbul Bakirkoy,2025-11-20T10:17:28.874Z,72,12,2,84,2025-11-20T10:17:28.874Z
6916ef80b2f5ef41959262b3,domain.HotelLeadScore,8,2025-11-14T08:59:44.071Z,info@intermarhotel.com,640ffdc4f3084899b5bb946a,Intermar Hotel,2025-11-14T09:02:42.667Z,8,8,1,8,2025-11-14T09:02:42.667Z
6916ef80b2f5ef41959262b4,domain.HotelLeadScore,23,2025-11-14T08:59:44.119Z,info@turanprince.com.tr,640ffdcdf3084899b5bba19d,Hotel Turan Prince - Ex Sentido Turan Prince,2025-11-20T10:17:29.771Z,38,8,2,46,2025-11-20T10:17:29.771Z
6916ef80b2f5ef41959262b5,domain.HotelLeadScore,18,2025-11-14T08:59:44.167Z,info.tuzla.istanbul@radissonblu.com,640ffdcdf3084899b5bb9f22,"Radisson Blu Hotel & Spa, Istanbul Tuzla",2025-11-20T10:17:29.818Z,24,12,2,36,2025-11-20T10:17:29.818Z
6916ef80b2f5ef41959262b6,domain.HotelLeadScore,51,2025-11-14T08:59:44.303Z,HB757@accor.com,640ffdbef3084899b5bb8e30,Movenpick Hotel Malatya,2025-11-20T10:17:30.754Z,86,16,2,102,2025-11-20T10:17:30.754Z
6916ef80b2f5ef41959262b7,domain.HotelLeadScore,6.5,2025-11-14T08:59:44.353Z,info@nirvanahotel.com,640ffdcaf3084899b5bb9bba,Nirvana Mediterranean Excellence - Ultra All Inclusive,2025-11-20T10:17:30.827Z,9,4,2,13,2025-11-20T10:17:30.827Z
6916ef80b2f5ef41959262b8,domain.HotelLeadScore,30,2025-11-14T08:59:44.399Z,hb430-re@accor.com,640ffde0f3084899b5bbbb23,ibis Styles Istanbul Merter,2025-11-20T10:17:31.785Z,72,6,3,90,2025-11-20T10:17:31.785Z
6916ef80b2f5ef41959262b9,domain.HotelLeadScore,42,2025-11-14T08:59:44.444Z,beldibi@rixos.com,640ffdcdf3084899b5bb9fc8,Rixos Beldibi - The Land of Legends Access,2025-11-20T10:17:30.877Z,72,12,2,84,2025-11-20T10:17:30.877Z
6916ef80b2f5ef41959262ba,domain.HotelLeadScore,9,2025-11-14T08:59:44.497Z,info@greenmaxhotel.com.tr,6578fe70ff565b563a83a95e,Green Max Hotel,2025-11-20T10:17:31.833Z,14,4,2,18,2025-11-20T10:17:31.833Z
6916ef80b2f5ef41959262bb,domain.HotelLeadScore,42,2025-11-14T08:59:44.542Z,info.vadistanbul@radissoncollection.com,640ffddef3084899b5bbb8bc,"Radisson Collection Hotel, Vadistanbul",2025-11-20T10:17:32.788Z,72,12,2,84,2025-11-20T10:17:32.788Z
6916ef80b2f5ef41959262bc,domain.HotelLeadScore,11.5,2025-11-14T08:59:44.587Z,info.tmtbodrum@labranda.com,640ffdd0f3084899b5bba648,Labranda TMT Bodrum,2025-11-20T10:17:33.760Z,19,4,2,23,2025-11-20T10:17:33.760Z
6916ef80b2f5ef41959262bd,domain.HotelLeadScore,11.5,2025-11-14T08:59:44.643Z,elvan.cekirge@hilton.com,640ffdbef3084899b5bb8e31,DoubleTree by Hilton Izmir - Alsancak,2025-11-20T10:17:32.835Z,19,4,2,23,2025-11-20T10:17:32.835Z
6916ef80b2f5ef41959262be,domain.HotelLeadScore,14,2025-11-14T08:59:44.692Z,info@royaltajmahal.com,640ffdcdf3084899b5bba031,Royal Taj Mahal Hotel,2025-11-20T10:17:33.814Z,24,4,2,28,2025-11-20T10:17:33.814Z
6916ef80b2f5ef41959262bf,domain.HotelLeadScore,39,2025-11-14T08:59:44.745Z,suadiye@theistanbulresidences.com,640ffdd0f3084899b5bba4dd,The Marmara Suadiye Residence,2025-11-20T10:17:33.860Z,226,8,49,1911,2025-11-20T10:17:33.861Z
6916ef80b2f5ef41959262c0,domain.HotelLeadScore,8,2025-11-14T08:59:44.794Z,stregis.istanbul@stregis.com,640ffdd0f3084899b5bba4dc,The St. Regis Istanbul,2025-11-14T09:01:46.835Z,8,8,1,8,2025-11-14T09:01:46.835Z
6916ef80b2f5ef41959262c1,domain.HotelLeadScore,44,2025-11-14T08:59:44.842Z,RHBXN.ONLINERESERVATION@RIXOS.COM,6578fe6bff565b563a83a913,Rixos Premium Bodrum,2025-11-20T10:17:33.904Z,72,16,2,88,2025-11-20T10:17:33.904Z
6916ef80b2f5ef41959262c2,domain.HotelLeadScore,42,2025-11-14T08:59:44.891Z,info.cesme@radissonblu.com,640ffdcdf3084899b5bb9f2e,Radisson Blu Resort & Spa Cesme,2025-11-20T10:17:33.944Z,72,12,2,84,2025-11-20T10:17:33.944Z
6916ef80b2f5ef41959262c3,domain.HotelLeadScore,32.5,2025-11-14T08:59:44.940Z,istanbul.reservations@marriott.com,640ffdbef3084899b5bb8c9c,Courtyard by Marriott Istanbul West,2025-11-20T10:17:34.783Z,57,8,2,65,2025-11-20T10:17:34.783Z
6916ef80b2f5ef41959262c4,domain.HotelLeadScore,42,2025-11-14T08:59:44.995Z,info.bosphorus.istanbul@radissonblu.com,640ffdcdf3084899b5bb9f2d,Radisson Blu Bosphorus Hotel,2025-11-20T10:17:34.829Z,72,12,2,84,2025-11-20T10:17:34.829Z
6916ef81b2f5ef41959262c5,domain.HotelLeadScore,6.5,2025-11-14T08:59:45.051Z,info@akkalush.com,640ffdd6f3084899b5bbaaf2,AKKA Lush Hotel Taksim,2025-11-20T10:17:34.875Z,9,4,2,13,2025-11-20T10:17:34.875Z
6916ef81b2f5ef41959262c6,domain.HotelLeadScore,9.666666666666666,2025-11-14T08:59:45.100Z,info@dresortgocek.com.tr,640ffdbef3084899b5bb8df0,D Resort Gocek Special Category,2025-11-20T10:17:34.925Z,19,4,3,29,2025-11-20T10:17:34.926Z
6916ef81b2f5ef41959262c7,domain.HotelLeadScore,11.5,2025-11-14T08:59:45.150Z,info.aquaworldbelek@mphotels.com,640ffdd3f3084899b5bbaa49,Aquaworld Belek,2025-11-20T10:17:34.965Z,19,4,2,23,2025-11-20T10:17:34.965Z
6916ef81b2f5ef41959262c8,domain.HotelLeadScore,14,2025-11-14T08:59:45.196Z,verbena@trendy.com.tr,6578fe70ff565b563a83a956,Trendy Verbena Beach Hotel,2025-11-20T10:17:35.782Z,24,4,2,28,2025-11-20T10:17:35.782Z
6916ef81b2f5ef41959262c9,domain.HotelLeadScore,42,2025-11-14T08:59:45.315Z,istanbul@fairmont.com,640ffdd9f3084899b5bbaee4,Fairmont Quasar Istanbul Hotel,2025-11-20T10:17:35.843Z,72,12,2,84,2025-11-20T10:17:35.843Z
6916ef81b2f5ef41959262ca,domain.HotelLeadScore,8,2025-11-14T08:59:45.363Z,rc.istrz.concierge@ritzcarlton.com,640ffdd0f3084899b5bba4e6,"The Ritz-Carlton, Istanbul at the Bosphorus",2025-11-14T09:01:51.019Z,8,8,1,8,2025-11-14T09:01:51.019Z
6916ef81b2f5ef41959262cb,domain.HotelLeadScore,11.5,2025-11-14T08:59:45.409Z,sukran.elmaci@hilton.com,640ffdd9f3084899b5bbaee3,DoubleTree by Hilton Adana,2025-11-20T10:17:35.885Z,19,4,2,23,2025-11-20T10:17:35.885Z
6916ef81b2f5ef41959262cc,domain.HotelLeadScore,9,2025-11-14T08:59:45.456Z,info@tasigo.com,640ffdcdf3084899b5bb9fcd,Tasigo Eskisehir,2025-11-20T10:17:35.924Z,14,4,2,18,2025-11-20T10:17:35.924Z
6916ef81b2f5ef41959262cd,domain.HotelLeadScore,11.5,2025-11-14T08:59:45.506Z,info.excelsior@labranda.com,640ffdc1f3084899b5bb8fbc,Labranda Excelsior Hotel,2025-11-20T10:17:36.731Z,19,4,2,23,2025-11-20T10:17:36.731Z
6916ef81b2f5ef41959262ce,domain.HotelLeadScore,30,2025-11-14T08:59:45.553Z,ayla.akgul@accor.com,640ffdd9f3084899b5bbb1d0,Ibis Styles Istanbul Atasehir,2025-11-20T10:17:36.775Z,48,12,2,60,2025-11-20T10:17:36.775Z
6916ef803ea59b1cf22143a6,domain.HotelLeadScore,6,2025-11-14T08:59:44.496Z,info@dalyangurkanapart.com,640ffdd3f3084899b5bba8c2,Gurkan Apart Hotel,2025-11-14T08:59:44.495Z,6,6,1,6,2025-11-14T08:59:44.496Z
6916ef81b2f5ef41959262d0,domain.HotelLeadScore,4,2025-11-14T08:59:45.602Z,info@rivadaotel.com,640ffdd6f3084899b5bbac6e,RIVADA HOTEL,2025-11-14T08:59:45.599Z,4,4,1,4,2025-11-14T08:59:45.602Z
6916ef81b2f5ef41959262d1,domain.HotelLeadScore,9,2025-11-14T08:59:45.650Z,infoist@melashotels.com,640ffdd9f3084899b5bbb22e,Melas Hotel Istanbul,2025-11-20T10:17:36.928Z,14,4,2,18,2025-11-20T10:17:36.928Z
6916ef81b2f5ef41959262d2,domain.HotelLeadScore,4,2025-11-14T08:59:45.698Z,info@doubletreekemer.com,640ffdb8f3084899b5bb8535,DoubleTree By Hilton Antalya-Kemer,2025-11-14T09:00:13.835Z,4,4,1,4,2025-11-14T09:00:13.835Z
6916ef81b2f5ef41959262d3,domain.HotelLeadScore,44,2025-11-14T08:59:45.745Z,info.ataturk.istanbul@parkinn.com,640ffdcaf3084899b5bb9e1d,Park Inn By Radisson Istanbul Ataturk Airport,2025-11-20T10:17:37.759Z,72,16,2,88,2025-11-20T10:17:37.759Z
6916ef81b2f5ef41959262d4,domain.HotelLeadScore,12,2025-11-14T08:59:45.790Z,salesasia@eliteworldhotels.com.tr,640ffdd6f3084899b5bbae32,Elite World Grand Istanbul Küçükyali Hotel,2025-11-14T09:00:14.818Z,12,12,1,12,2025-11-14T09:00:14.818Z
6916ef81b2f5ef41959262d5,domain.HotelLeadScore,54,2025-11-14T08:59:45.834Z,hotel.izmir.reservation@movenpick.com,640ffdcaf3084899b5bb9ad1,Mövenpick Hotel Izmir,2025-11-20T10:17:37.931Z,96,12,2,108,2025-11-20T10:17:37.931Z
6916ef813ea59b1cf22143a7,domain.HotelLeadScore,6,2025-11-14T08:59:45.706Z,info@sidevillage.com,640ffdd3f3084899b5bbaa27,Side Village Hotel - All Inclusive,2025-11-14T08:59:45.706Z,6,6,1,6,2025-11-14T08:59:45.706Z
6916ef81b2f5ef41959262d6,domain.HotelLeadScore,42,2025-11-14T08:59:45.885Z,h9329@accor.com,640ffdcaf3084899b5bb9bf2,Novotel Konya,2025-11-20T10:17:37.892Z,72,12,2,84,2025-11-20T10:17:37.892Z
6916ef81b2f5ef41959262d7,domain.HotelLeadScore,42,2025-11-14T08:59:45.930Z,h9176-fo@accor.com,640ffdc7f3084899b5bb99dd,The Artisan Istanbul MGallery,2025-11-20T10:17:37.852Z,72,12,2,84,2025-11-20T10:17:37.852Z
6916ef81b2f5ef41959262d8,domain.HotelLeadScore,8.5,2025-11-14T08:59:45.978Z,info@trendparkhotel.com,640ffdd0f3084899b5bba53e,Trend Park Hotel,2025-11-20T10:17:38.825Z,13,4,2,17,2025-11-20T10:17:38.825Z
6916ef82b2f5ef41959262d9,domain.HotelLeadScore,42,2025-11-14T08:59:46.037Z,H8973@accor.com,640ffdc7f3084899b5bb99dc,Mercure Istanbul Altunizade,2025-11-20T10:17:39.830Z,72,12,2,84,2025-11-20T10:17:39.830Z
6916ef82b2f5ef41959262da,domain.HotelLeadScore,54,2025-11-14T08:59:46.096Z,bodrum@swissotel.com,640ffdd0f3084899b5bba3b2,Swissôtel Resort Bodrum Beach,2025-11-20T10:17:41.818Z,96,12,2,108,2025-11-20T10:17:41.818Z
6916ef82b2f5ef41959262db,domain.HotelLeadScore,48,2025-11-14T08:59:46.153Z,rhtkr.onlinereservation@rixos.com,640ffdcdf3084899b5bb9fda,Rixos Premium Tekirova - The Land of Legends Access,2025-11-20T10:17:42.798Z,72,24,2,96,2025-11-20T10:17:42.798Z
6916ef82b2f5ef41959262dc,domain.HotelLeadScore,42,2025-11-14T08:59:46.309Z,hb4d8@accor.com,640ffdd9f3084899b5bbb234,Mercure Istanbul Sirkeci,2025-11-20T10:17:42.739Z,72,12,2,84,2025-11-20T10:17:42.739Z
6916ef82b2f5ef41959262dd,domain.HotelLeadScore,42,2025-11-14T08:59:46.361Z,H6904@accor.com,640ffdcaf3084899b5bb9bf0,Novotel Kayseri,2025-11-20T10:17:43.781Z,72,12,2,84,2025-11-20T10:17:43.781Z
6916ef82b2f5ef41959262de,domain.HotelLeadScore,44,2025-11-14T08:59:46.407Z,HA477-SM@accor.com,640ffdd0f3084899b5bba4d5,Mövenpick Hotel Istanbul Bosphorus,2025-11-20T10:17:43.871Z,72,16,2,88,2025-11-20T10:17:43.871Z
6916ef82b2f5ef41959262df,domain.HotelLeadScore,30,2025-11-14T08:59:46.449Z,istanbul@swissotel.com,640ffdd0f3084899b5bba3b1,Swissotel The Bosphorus Istanbul,2025-11-20T10:17:43.923Z,48,12,2,60,2025-11-20T10:17:43.923Z
6916ef82b2f5ef41959262e0,domain.HotelLeadScore,42,2025-11-14T08:59:46.495Z,izmir@swissotel.com,640ffdd0f3084899b5bba3b0,Swissotel Buyuk Efes Izmir,2025-11-20T10:17:44.761Z,72,12,2,84,2025-11-20T10:17:44.761Z
6916ef82b2f5ef41959262e1,domain.HotelLeadScore,41.5,2025-11-14T08:59:46.552Z,info.president@radisson.com,640ffdd0f3084899b5bba4d1,Radisson President Beyazit Istanbul,2025-11-20T10:17:44.814Z,67,16,2,83,2025-11-20T10:17:44.814Z
6916ef82b2f5ef41959262e2,domain.HotelLeadScore,6.5,2025-11-14T08:59:46.598Z,info.aura@crystalhotels.com.tr,640ffdbef3084899b5bb8cac,Crystal Aura Beach Resort & Spa - Ultimate All Inclusive,2025-11-20T10:17:45.773Z,9,4,2,13,2025-11-20T10:17:45.773Z
6916ef82b2f5ef41959262e3,domain.HotelLeadScore,6.5,2025-11-14T08:59:46.650Z,info.deluxe@crystalhotels.com.tr,640ffdbef3084899b5bb8cad,Crystal De Luxe Resort & Spa - All Inclusive,2025-11-20T10:17:45.821Z,9,4,2,13,2025-11-20T10:17:45.821Z
6916ef82b2f5ef41959262e4,domain.HotelLeadScore,9,2025-11-14T08:59:46.696Z,info@avenahotel.com,640ffde2f3084899b5bbc3bc,Avena Resort & Spa,2025-11-20T10:17:46.772Z,14,4,2,18,2025-11-20T10:17:46.772Z
6916ef82b2f5ef41959262e5,domain.HotelLeadScore,21,2025-11-14T08:59:46.754Z,info@cpistanbulflorya.com,640ffdbef3084899b5bb8cab,"Crowne Plaza Florya Istanbul, an IHG Hotel",2025-11-20T10:17:45.861Z,38,4,2,42,2025-11-20T10:17:45.861Z
6916ef82b2f5ef41959262e6,domain.HotelLeadScore,11.5,2025-11-14T08:59:46.812Z,info@ramadaplazaantalya.com,640ffdcdf3084899b5bb9f4c,Ramada Plaza Antalya,2025-11-20T10:17:46.823Z,19,4,2,23,2025-11-20T10:17:46.823Z
6916ef82b2f5ef41959262e7,domain.HotelLeadScore,14,2025-11-14T08:59:46.866Z,goldcity@goldhotels.com.tr,640ffdc1f3084899b5bb9142,Goldcity Hotel,2025-11-20T10:17:46.864Z,24,4,2,28,2025-11-20T10:17:46.864Z
6916ef82b2f5ef41959262e8,domain.HotelLeadScore,12.666666666666666,2025-11-14T08:59:46.915Z,info@hikadikoy.com,640ffdc4f3084899b5bb93a9,"Holiday Inn Istanbul - Kadikoy, an IHG Hotel",2025-11-20T10:17:47.771Z,24,6,3,38,2025-11-20T10:17:47.771Z
6916ef82b2f5ef41959262e9,domain.HotelLeadScore,51.5,2025-11-14T08:59:46.961Z,HB868@accor.com,640ffddbf3084899b5bbb351,Movenpick Living Istanbul,2025-11-20T10:17:47.817Z,91,12,2,103,2025-11-20T10:17:47.817Z
6916ef83b2f5ef41959262ea,domain.HotelLeadScore,9,2025-11-14T08:59:47.010Z,grupsatis@elizhotel.com,640ffdbbf3084899b5bb8760,Swiss International Kizilcahamam,2025-11-20T10:17:47.857Z,14,4,2,18,2025-11-20T10:17:47.857Z
6916ef83b2f5ef41959262eb,domain.HotelLeadScore,8,2025-11-14T08:59:47.056Z,mirayhotel@yahoo.com,640ffdc7f3084899b5bb9a66,Miray Hotel,2025-11-14T09:02:01.101Z,8,8,1,8,2025-11-14T09:02:01.101Z
6916ef823ea59b1cf22143a8,domain.HotelLeadScore,7,2025-11-14T08:59:46.315Z,info@redwhitehotel.com.tr,640ffdd6f3084899b5bbac66,Red White Hotel,2025-11-14T08:59:46.314Z,7,7,1,7,2025-11-14T08:59:46.315Z
6916ef83b2f5ef41959262ec,domain.HotelLeadScore,6.5,2025-11-14T08:59:47.103Z,info@nirvanahotels.com.tr,6578fe69ff565b563a83a8ea,Nirvana Cosmopolitan Hotel,2025-11-20T10:17:48.831Z,9,4,2,13,2025-11-20T10:17:48.831Z
6916ef83b2f5ef41959262ed,domain.HotelLeadScore,14,2025-11-14T08:59:47.153Z,info@lazzonihotel.com,640ffdc7f3084899b5bb97e0,Lazzoni Hotel,2025-11-20T10:17:49.785Z,24,4,2,28,2025-11-20T10:17:49.785Z
6916ef83b2f5ef41959262ee,domain.HotelLeadScore,11.5,2025-11-14T08:59:47.278Z,sales.izmir@hilton.com,640ffdc4f3084899b5bb9384,Hilton Izmir,2025-11-20T10:17:49.839Z,19,4,2,23,2025-11-20T10:17:49.839Z
6916ef83b2f5ef41959262ef,domain.HotelLeadScore,6.5,2025-11-14T08:59:47.327Z,info@akkahotels.com,6578fe69ff565b563a83a8ec,Akka Alinda Hotel,2025-11-20T10:17:50.779Z,9,4,2,13,2025-11-20T10:17:50.779Z
6916ef83b2f5ef41959262f0,domain.HotelLeadScore,54,2025-11-14T08:59:47.377Z,info.bodrum@radissoncollection.com,640ffde0f3084899b5bbbb4c,"Radisson Collection Hotel, Bodrum",2025-11-20T10:17:51.792Z,96,12,2,108,2025-11-20T10:17:51.792Z
6916ef83b2f5ef41959262f1,domain.HotelLeadScore,11.5,2025-11-14T08:59:47.424Z,info.lebedos@labranda.com,640ffdd3f3084899b5bba96b,Labranda Lebedos Princess - All Inclusive,2025-11-20T10:17:52.793Z,19,4,2,23,2025-11-20T10:17:52.793Z
6916ef83b2f5ef41959262f2,domain.HotelLeadScore,14,2025-11-14T08:59:47.468Z,info@capebodrum.com.tr,640ffde1f3084899b5bbbe7a,Cape Bodrum Luxury Hotel & Beach,2025-11-20T10:17:52.846Z,24,4,2,28,2025-11-20T10:17:52.846Z
6916ef83b2f5ef41959262f3,domain.HotelLeadScore,13.5,2025-11-14T08:59:47.519Z,info@dresortayvalik.com,640ffdcaf3084899b5bb9ae4,D-Resort Murat Reis Ayvalik,2025-11-20T10:17:53.814Z,19,8,2,27,2025-11-20T10:17:53.814Z
6916ef83b2f5ef41959262f4,domain.HotelLeadScore,6.5,2025-11-14T08:59:47.570Z,info.flora@crystalhotels.com.tr,6578fe6dff565b563a83a924,Crystal Flora Beach Resort,2025-11-20T10:17:53.766Z,9,4,2,13,2025-11-20T10:17:53.766Z
6916ef83b2f5ef41959262f5,domain.HotelLeadScore,11,2025-11-14T08:59:47.621Z,info@pointhotel.com,640ffdcdf3084899b5bb9ecc,Point Hotel Taksim,2025-11-20T10:17:53.852Z,18,4,2,22,2025-11-20T10:17:53.852Z
6916ef83b2f5ef41959262f6,domain.HotelLeadScore,14,2025-11-14T08:59:47.670Z,info@greennaturediamond.com,640ffdc1f3084899b5bb925b,Green Nature Diamond,2025-11-20T10:17:54.786Z,24,4,2,28,2025-11-20T10:17:54.786Z
6916ef83b2f5ef41959262f7,domain.HotelLeadScore,42,2025-11-14T08:59:47.717Z,HB656@accor.com,640ffddbf3084899b5bbb2e1,Sofitel Istanbul Taksim,2025-11-20T10:17:54.832Z,72,12,2,84,2025-11-20T10:17:54.832Z
6916ef83b2f5ef41959262f8,domain.HotelLeadScore,11.5,2025-11-14T08:59:47.764Z,bertan.odabasi@hilton.com,640ffdc4f3084899b5bb937b,Hilton Garden Inn Kutahya,2025-11-20T10:17:54.872Z,19,4,2,23,2025-11-20T10:17:54.872Z
6916ef83b2f5ef41959262f9,domain.HotelLeadScore,9,2025-11-14T08:59:47.808Z,contact@pointhotel.com,640ffdcdf3084899b5bb9ecd,Point Hotel Barbaros,2025-11-20T10:17:55.844Z,14,4,2,18,2025-11-20T10:17:55.844Z
6916ef83b2f5ef41959262fa,domain.HotelLeadScore,5,2025-11-14T08:59:47.858Z,info@mettsocialliving.com,640ffddbf3084899b5bbb34c,METT Hotel & Beach Resort Bodrum,2025-11-14T09:00:22.964Z,6,4,2,10,2025-11-14T09:00:22.965Z
6916ef83b2f5ef41959262fb,domain.HotelLeadScore,44.5,2025-11-14T08:59:47.902Z,info.bodrum@lujohotel.com,6578fe6aff565b563a83a90b,Lujo Hotel Bodrum,2025-11-20T10:17:56.739Z,77,12,2,89,2025-11-20T10:17:56.739Z
6916ef83b2f5ef41959262fc,domain.HotelLeadScore,14,2025-11-14T08:59:47.948Z,info@esraotel.com,640ffdd3f3084899b5bba8ed,Hotel Esra and Family Suites - All Inclusive,2025-11-20T10:17:57.771Z,24,4,2,28,2025-11-20T10:17:57.771Z
6916ef833ea59b1cf22143a9,domain.HotelLeadScore,6,2025-11-14T08:59:47.841Z,info@fermankonak.com,640ffdd6f3084899b5bbab48,Ferman Konak Hotel,2025-11-14T08:59:47.840Z,6,6,1,6,2025-11-14T08:59:47.841Z
6916ef83b2f5ef41959262fd,domain.HotelLeadScore,42,2025-11-14T08:59:47.996Z,h6914@accor.com,640ffdcaf3084899b5bb9bed,Novotel Gaziantep,2025-11-20T10:17:56.842Z,72,12,2,84,2025-11-20T10:17:56.842Z
6916ef84b2f5ef41959262fe,domain.HotelLeadScore,42,2025-11-14T08:59:48.044Z,H9544@accor.com,640ffdd6f3084899b5bbaba3,Ibis Istanbul Tuzla Hotel,2025-11-20T10:17:58.740Z,72,12,2,84,2025-11-20T10:17:58.740Z
6916ef84b2f5ef41959262ff,domain.HotelLeadScore,11.5,2025-11-14T08:59:48.095Z,info.mares@labranda.com,640ffdc7f3084899b5bb98f9,Labranda Mares Marmaris Hotel,2025-11-20T10:17:58.788Z,19,4,2,23,2025-11-20T10:17:58.789Z
6916ef84b2f5ef4195926300,domain.HotelLeadScore,18,2025-11-14T08:59:48.141Z,H5997@accor.com,640ffdcaf3084899b5bb9bef,Novotel Istanbul Zeytinburnu,2025-11-20T10:17:59.815Z,24,12,2,36,2025-11-20T10:17:59.815Z
6916ef84b2f5ef4195926301,domain.HotelLeadScore,42,2025-11-14T08:59:48.310Z,h9815@accor.com,640ffdd6f3084899b5bbaba5,Ibis Istanbul West,2025-11-20T10:18:00.787Z,72,12,2,84,2025-11-20T10:18:00.787Z
6916ef84b2f5ef4195926302,domain.HotelLeadScore,50.5,2025-11-14T08:59:48.359Z,info.aliaga@radisson.com,640ffde0f3084899b5bbbb59,Radisson Hotel Izmir Aliaga,2025-11-20T10:18:01.787Z,77,24,2,101,2025-11-20T10:18:01.787Z
6916ef84b2f5ef4195926303,domain.HotelLeadScore,42,2025-11-14T08:59:48.409Z,reservation.trabzon@radissonblu.com,640ffdd6f3084899b5bbade9,Radisson Blu Hotel Trabzon,2025-11-20T10:18:01.857Z,72,12,2,84,2025-11-20T10:18:01.857Z
6916ef84b2f5ef4195926304,domain.HotelLeadScore,23,2025-11-14T08:59:48.461Z,ankara.reservations@sheraton.com,640ffdcdf3084899b5bba1fc,Sheraton Ankara Hotel & Convention Center,2025-11-20T10:18:02.839Z,38,8,2,46,2025-11-20T10:18:02.839Z
6916ef84b2f5ef4195926305,domain.HotelLeadScore,16,2025-11-14T08:59:48.507Z,info.sultanahmet@radisson.com,640ffdbbf3084899b5bb8aa0,Radisson Hotel Istanbul Sultanahmet,2025-11-14T09:01:18.745Z,16,16,1,16,2025-11-14T09:01:18.745Z
6916ef84b2f5ef4195926306,domain.HotelLeadScore,18,2025-11-14T08:59:48.553Z,infodellago@miradahotels.com,640ffdc7f3084899b5bb9a58,Mirada Del Lago,2025-11-20T10:18:03.808Z,28,8,2,36,2025-11-20T10:18:03.808Z
6916ef84b2f5ef4195926307,domain.HotelLeadScore,8,2025-11-14T08:59:48.598Z,info@edrinhotel.net,640ffde1f3084899b5bbbf0a,Edrin Otel,2025-11-14T09:03:03.311Z,8,8,1,8,2025-11-14T09:03:03.311Z
6916ef84b2f5ef4195926308,domain.HotelLeadScore,13.5,2025-11-14T08:59:48.647Z,info@palomapasha.com,640ffdcaf3084899b5bb9dd5,Paloma Pasha,2025-11-20T10:18:03.852Z,23,4,2,27,2025-11-20T10:18:03.852Z
6916ef84b2f5ef4195926309,domain.HotelLeadScore,14,2025-11-14T08:59:48.693Z,info@transvaro.com,640ffdc1f3084899b5bb9156,Golden Key Bordubet,2025-11-20T10:18:03.938Z,24,4,2,28,2025-11-20T10:18:03.938Z
6916ef84b2f5ef419592630a,domain.HotelLeadScore,14,2025-11-14T08:59:48.746Z,info@bnhotels.com.tr,640ffde4f3084899b5bbcc07,BN HOTEL TERMAL&SPA,2025-11-20T10:18:04.934Z,24,4,2,28,2025-11-20T10:18:04.934Z
6916ef84b2f5ef419592630b,domain.HotelLeadScore,20,2025-11-14T08:59:48.791Z,sapanca@eliteworldhotels.com.tr,6578fe68ff565b563a83a8dc,Elite World Sapanca,2025-11-20T10:18:05.845Z,24,16,2,40,2025-11-20T10:18:05.845Z
6916ef84b2f5ef419592630c,domain.HotelLeadScore,49,2025-11-14T08:59:48.847Z,hb3h2@accor.com,640ffdd9f3084899b5bbb1cf,ibis Styles Izmir Bornova,2025-11-20T10:18:05.889Z,86,12,2,98,2025-11-20T10:18:05.889Z
6916ef84b2f5ef419592630d,domain.HotelLeadScore,11.5,2025-11-14T08:59:48.894Z,stay@caeli.com.tr,640ffdd6f3084899b5bbaaf7,Hotel Caeli,2025-11-20T10:18:06.805Z,19,4,2,23,2025-11-20T10:18:06.805Z
6916ef84b2f5ef419592630e,domain.HotelLeadScore,4,2025-11-14T08:59:48.938Z,info@rodinnparkhotel.com,640ffde1f3084899b5bbc0e1,RODINN Hotel,2025-11-14T09:03:07.251Z,4,4,1,4,2025-11-14T09:03:07.251Z
6916ef84b2f5ef419592630f,domain.HotelLeadScore,42,2025-11-14T08:59:48.987Z,hotel.ankara@moevenpick.com,640ffdc7f3084899b5bb98e9,Movenpick Hotel Ankara,2025-11-20T10:18:06.874Z,72,12,2,84,2025-11-20T10:18:06.874Z
6916ef85b2f5ef4195926310,domain.HotelLeadScore,7.333333333333333,2025-11-14T08:59:49.034Z,info@grandkeskin.com,640ffdc1f3084899b5bb91fa,Grand Keskin Otel,2025-11-19T10:42:16.910Z,8,6,3,22,2025-11-19T10:42:16.910Z
6916ef85b2f5ef4195926311,domain.HotelLeadScore,42,2025-11-14T08:59:49.079Z,info@utopiaworld.com.tr,640ffdd0f3084899b5bba603,Utopia World,2025-11-20T10:18:06.934Z,72,12,2,84,2025-11-20T10:18:06.934Z
6916ef863ea59b1cf22143aa,domain.HotelLeadScore,9,2025-11-14T08:59:50.424Z,info@hotelprivate.com.tr,640ffdd3f3084899b5bba9e5,Private Hotel,2025-11-14T08:59:50.424Z,9,9,1,9,2025-11-14T08:59:50.424Z
6916ef863ea59b1cf22143ab,domain.HotelLeadScore,6,2025-11-14T08:59:50.664Z,af-rahotel@hotmail.com,640ffddbf3084899b5bbb38f,AF-RA Hotel,2025-11-14T08:59:50.664Z,6,6,1,6,2025-11-14T08:59:50.664Z
6916ef873ea59b1cf22143ac,domain.HotelLeadScore,5,2025-11-14T08:59:51.471Z,info@darkhillhotel.com,640ffdbef3084899b5bb8d0e,Darkhill Hotel,2025-11-14T08:59:51.471Z,5,5,1,5,2025-11-14T08:59:51.471Z
6916ef873ea59b1cf22143ad,domain.HotelLeadScore,25,2025-11-14T08:59:51.716Z,info@lafloraotel.com,640ffdc7f3084899b5bb9775,La Flora House Hotel,2025-11-14T08:59:51.715Z,44,6,2,50,2025-11-14T08:59:51.716Z
6916ef873ea59b1cf22143ae,domain.HotelLeadScore,6,2025-11-14T08:59:51.963Z,reservation@besthotel.com.tr,640ffdb8f3084899b5bb864f,Apart Hotel Best,2025-11-14T08:59:51.962Z,6,6,1,6,2025-11-14T08:59:51.963Z
6916ef883ea59b1cf22143af,domain.HotelLeadScore,7,2025-11-14T08:59:52.204Z,info@kentparkhotel.com,640ffdc4f3084899b5bb9627,Kentpark Exclusive Butik Otel,2025-11-19T10:42:13.060Z,14,4,5,35,2025-11-19T10:42:13.061Z
6916ef883ea59b1cf22143b0,domain.HotelLeadScore,6,2025-11-14T08:59:52.446Z,info@rotabulvarhotel.com,640ffdcdf3084899b5bba00a,Rota Bulvar Hotel,2025-11-14T08:59:52.445Z,6,6,1,6,2025-11-14T08:59:52.446Z
6916ef893ea59b1cf22143b1,domain.HotelLeadScore,6,2025-11-14T08:59:53.206Z,info@skybusinesshotel.com,640ffdd9f3084899b5bbb100,Active SKY Business Hotel,2025-11-14T08:59:53.205Z,6,6,1,6,2025-11-14T08:59:53.206Z
6916ef8a3ea59b1cf22143b2,domain.HotelLeadScore,4,2025-11-14T08:59:54.428Z,info@esperanzaboutiquehotel.com,640ffdd6f3084899b5bbab40,Esperanza Boutique Hotel,2025-11-14T08:59:54.427Z,4,4,2,8,2025-11-14T08:59:54.428Z
6916ef8a3ea59b1cf22143b3,domain.HotelLeadScore,6,2025-11-14T08:59:54.931Z,sales@hotelalilass.com,640ffdb8f3084899b5bb852b,Alilass Hotel,2025-11-14T08:59:54.930Z,6,6,3,18,2025-11-14T08:59:54.931Z
6916ef8b3ea59b1cf22143b4,domain.HotelLeadScore,6,2025-11-14T08:59:55.433Z,sales@bayberd.com,640ffdd9f3084899b5bbb101,Bayberd Hotel,2025-11-14T08:59:55.433Z,6,6,2,12,2025-11-14T08:59:55.433Z
6916ef8b3ea59b1cf22143b5,domain.HotelLeadScore,40,2025-11-14T08:59:55.680Z,info@thecraterhotel.com.tr,640ffdd0f3084899b5bba48f,The Crater Hotel,2025-11-14T08:59:55.679Z,40,40,1,40,2025-11-14T08:59:55.680Z
6916ef8c3ea59b1cf22143b6,domain.HotelLeadScore,337,2025-11-14T08:59:56.480Z,info@ramadaalibeykoy.com,640ffdd6f3084899b5bbac63,Ramada by Wyndham Istanbul Alibeykoy,2025-11-14T08:59:56.480Z,337,337,1,337,2025-11-14T08:59:56.480Z
6916ef8c3ea59b1cf22143b7,domain.HotelLeadScore,6,2025-11-14T08:59:56.749Z,info@seavalleybungalows.com,640ffdcdf3084899b5bba135,Sea Valley Bungalows,2025-11-14T08:59:56.749Z,6,6,1,6,2025-11-14T08:59:56.749Z
6916ef8c3ea59b1cf22143b8,domain.HotelLeadScore,6,2025-11-14T08:59:56.993Z,molaotel@sinopmolaotel.com.tr,640ffdcdf3084899b5bba258,Sinop Mola Hotel,2025-11-14T08:59:56.992Z,6,6,1,6,2025-11-14T08:59:56.993Z
6916ef8d3ea59b1cf22143b9,domain.HotelLeadScore,6,2025-11-14T08:59:57.241Z,info@cappadociacavehouse.com,640ffdd0f3084899b5bba378,Sunset Cave Hotel,2025-11-14T08:59:57.241Z,7,4,8,48,2025-11-14T08:59:57.241Z
6916ef8d3ea59b1cf22143ba,domain.HotelLeadScore,6,2025-11-14T08:59:57.494Z,info@atlantique.com.tr,640ffdbbf3084899b5bb8792,Atlantique Holiday Club - All Inclusive,2025-11-14T08:59:57.494Z,6,6,1,6,2025-11-14T08:59:57.494Z
6916ef8e3ea59b1cf22143bb,domain.HotelLeadScore,6,2025-11-14T08:59:58.001Z,sunriseotel@yahoo.com,640ffdd0f3084899b5bba376,Sunrise Hotel,2025-11-14T08:59:58.000Z,6,6,1,6,2025-11-14T08:59:58.001Z
6916ef903ea59b1cf22143bc,domain.HotelLeadScore,6,2025-11-14T09:00:00.488Z,lagunareservation@alyahotels.com,640ffdc7f3084899b5bb9769,Laguna Beach Alya Resort & Spa,2025-11-16T06:38:58.691Z,6,6,2,12,2025-11-16T06:38:58.692Z
6916ef913ea59b1cf22143bd,domain.HotelLeadScore,5,2025-11-14T09:00:01.028Z,info@sayebangoldhotel.com,640ffdcdf3084899b5bba10c,Sayeban Gold Hotel,2025-11-16T06:38:58.732Z,6,4,3,15,2025-11-16T06:38:58.732Z
6916ef913ea59b1cf22143be,domain.HotelLeadScore,6,2025-11-14T09:00:01.826Z,info@kadimotel.com,640ffdc4f3084899b5bb9516,Kadim Hotel,2025-11-14T09:00:01.825Z,6,6,1,6,2025-11-14T09:00:01.826Z
6916ef923ea59b1cf22143bf,domain.HotelLeadScore,8,2025-11-14T09:00:02.075Z,info@delbabhotel.com,640ffddbf3084899b5bbb49d,DELBAB HOTEL,2025-11-14T09:00:02.074Z,12,6,3,24,2025-11-14T09:00:02.075Z
6916ef923ea59b1cf22143c0,domain.HotelLeadScore,6,2025-11-14T09:00:02.598Z,info@hotelsilkroad.com,640ffdcdf3084899b5bba23b,Hotel Ipekyolu,2025-11-14T09:00:02.598Z,6,6,1,6,2025-11-14T09:00:02.598Z
6916ef933ea59b1cf22143c1,domain.HotelLeadScore,6,2025-11-14T09:00:03.814Z,info@bariscanhotel.com,640ffdbbf3084899b5bb889b,Bariscan Hotel,2025-11-14T09:00:03.811Z,6,6,1,6,2025-11-14T09:00:03.814Z
6916ef943ea59b1cf22143c2,domain.HotelLeadScore,12,2025-11-14T09:00:04.311Z,info@serguzestotel.com,640ffdd3f3084899b5bbaa11,Serguzest Otel,2025-11-14T09:00:04.311Z,12,12,1,12,2025-11-14T09:00:04.311Z
6916ef953ea59b1cf22143c3,domain.HotelLeadScore,6,2025-11-14T09:00:05.061Z,info@atelyahotel.com,640ffdbbf3084899b5bb877f,Atelya Art Hotel,2025-11-14T09:00:05.060Z,6,6,2,12,2025-11-14T09:00:05.061Z
6916ef963ea59b1cf22143c4,domain.HotelLeadScore,6,2025-11-14T09:00:06.070Z,info@agvagreenline.com,640ffdb8f3084899b5bb8432,Agva Greenline Guesthouse (Adult Only +12),2025-11-14T09:00:06.070Z,6,6,1,6,2025-11-14T09:00:06.070Z
6916ef963ea59b1cf22143c5,domain.HotelLeadScore,6,2025-11-14T09:00:06.864Z,info@theblackeskisehir.com,640ffdd0f3084899b5bba47a,The Black Hotel,2025-11-14T09:00:06.863Z,6,6,1,6,2025-11-14T09:00:06.864Z
6916ef983ea59b1cf22143c6,domain.HotelLeadScore,5,2025-11-14T09:00:08.009Z,alpaylarotel@gmail.com,640ffdb8f3084899b5bb8552,Alpaylar Apart Hotel,2025-11-14T09:00:08.009Z,5,5,1,5,2025-11-14T09:00:08.009Z
6916ef993ea59b1cf22143c7,domain.HotelLeadScore,28,2025-11-14T09:00:09.560Z,hotellabella@hotmail.com,640ffdc7f3084899b5bb974d,Hotel La Bella Salihli,2025-11-14T09:00:09.559Z,28,28,1,28,2025-11-14T09:00:09.560Z
6916ef993ea59b1cf22143c8,domain.HotelLeadScore,6,2025-11-14T09:00:09.901Z,info@adrasanpalmirahotel.com,640ffdb8f3084899b5bb8405,Palmira Hotel,2025-11-19T10:42:12.173Z,6,6,1,6,2025-11-19T10:42:12.173Z
6916ef9a3ea59b1cf22143c9,domain.HotelLeadScore,6,2025-11-14T09:00:10.140Z,info@sultanmehmedhotel.com,640ffdd0f3084899b5bba323,Sultan Mehmed Hotel,2025-11-14T09:00:10.140Z,6,6,1,6,2025-11-14T09:00:10.140Z
6916ef9a3ea59b1cf22143ca,domain.HotelLeadScore,6,2025-11-14T09:00:10.385Z,info@grandvavesotel.com,640ffdd6f3084899b5bbad27,Grand Vaves Hotel,2025-11-14T09:00:10.382Z,6,6,1,6,2025-11-14T09:00:10.385Z
6916ef9a3ea59b1cf22143cb,domain.HotelLeadScore,5.5,2025-11-14T09:00:10.879Z,bilgi@bigapalas.com,640ffdbbf3084899b5bb8980,Biga Palas Hotel,2025-11-14T09:00:10.879Z,6,5,2,11,2025-11-14T09:00:10.879Z
6916ef9b3ea59b1cf22143cc,domain.HotelLeadScore,6,2025-11-14T09:00:11.127Z,info@metropolitanbosphorus.com,640ffdd6f3084899b5bbac08,Metropolitan Hotels Bosphorus,2025-11-14T09:00:11.124Z,6,6,1,6,2025-11-14T09:00:11.127Z
6916ef9b3ea59b1cf22143cd,domain.HotelLeadScore,6,2025-11-14T09:00:11.379Z,info@kartepekosku.com.tr,640ffdd6f3084899b5bbae43,Kartepe Köskü,2025-11-14T09:00:11.378Z,6,6,1,6,2025-11-14T09:00:11.379Z
6916ef9b3ea59b1cf22143ce,domain.HotelLeadScore,6,2025-11-14T09:00:11.625Z,elyseebeach@elyseehotels.com,640ffdc1f3084899b5bb8f0f,Elysee Beach Hotel,2025-11-14T09:00:11.625Z,6,6,1,6,2025-11-14T09:00:11.625Z
6916ef9b3ea59b1cf22143cf,domain.HotelLeadScore,13,2025-11-14T09:00:11.862Z,info@yaylaotel.com.tr,640ffdd3f3084899b5bba78a,Yayla Hotel,2025-11-14T09:00:11.862Z,13,13,1,13,2025-11-14T09:00:11.862Z
6916ef9c3ea59b1cf22143d0,domain.HotelLeadScore,6,2025-11-14T09:00:12.103Z,info@thelifehotel.com,640ffde0f3084899b5bbbaed,The Life Hotel & Spa,2025-11-14T09:00:12.103Z,6,6,1,6,2025-11-14T09:00:12.103Z
6916ef9c3ea59b1cf22143d1,domain.HotelLeadScore,33,2025-11-14T09:00:12.350Z,info@sinopantikotel.com.tr,640ffdb8f3084899b5bb862b,Sinop Antik Otel,2025-11-14T09:00:12.349Z,33,33,1,33,2025-11-14T09:00:12.350Z
6916ef9c3ea59b1cf22143d2,domain.HotelLeadScore,10.4,2025-11-14T09:00:12.591Z,info@otelatabay.com.tr,640ffdcaf3084899b5bb9ced,Hotel Atabay,2025-11-14T09:00:12.591Z,20,4,5,52,2025-11-14T09:00:12.591Z
6916ef9c3ea59b1cf22143d3,domain.HotelLeadScore,8,2025-11-14T09:00:12.850Z,reservation@nazwoodenhouseinn.com,640ffdb8f3084899b5bb8641,Sultanahmet Wooden House,2025-11-14T09:00:12.849Z,8,8,1,8,2025-11-14T09:00:12.850Z
6916ef9d3ea59b1cf22143d4,domain.HotelLeadScore,5,2025-11-14T09:00:13.096Z,info@hotelyaztur.com,640ffdd3f3084899b5bba790,Yaztur Hotel,2025-11-14T09:00:13.095Z,5,5,1,5,2025-11-14T09:00:13.096Z
6916ef9d3ea59b1cf22143d5,domain.HotelLeadScore,6,2025-11-14T09:00:13.342Z,classotelortakoy@gmail.com,640ffddbf3084899b5bbb483,Class Hotel Bosphorus With Jacuzzi,2025-11-14T09:00:13.341Z,6,6,1,6,2025-11-14T09:00:13.342Z
6916ef9d3ea59b1cf22143d6,domain.HotelLeadScore,6,2025-11-14T09:00:13.590Z,info@hilasotel.com,640ffdd6f3084899b5bbae39,Hilas Thermal Resort Spa & Aqua,2025-11-14T09:00:13.590Z,6,6,1,6,2025-11-14T09:00:13.590Z
6916ef9e3ea59b1cf22143d7,domain.HotelLeadScore,7,2025-11-14T09:00:14.080Z,tayfunapart@hotmail.com,640ffdd0f3084899b5bba430,Tayfun Apart Hotel,2025-11-14T09:00:14.080Z,7,7,1,7,2025-11-14T09:00:14.080Z
6916ef9e3ea59b1cf22143d8,domain.HotelLeadScore,5,2025-11-14T09:00:14.326Z,info@kozasuites.com,640ffdc7f3084899b5bb9706,Koza Suites Apartments,2025-11-14T09:00:14.326Z,5,5,1,5,2025-11-14T09:00:14.326Z
6916ef9e3ea59b1cf22143d9,domain.HotelLeadScore,5,2025-11-14T09:00:14.573Z,info@extensohotel.com,640ffdd6f3084899b5bbae30,Extenso Hotel,2025-11-14T09:00:14.572Z,6,4,2,10,2025-11-14T09:00:14.573Z
6916ef9f3ea59b1cf22143da,domain.HotelLeadScore,6.5,2025-11-14T09:00:15.063Z,info@kristalotel.com,640ffdc7f3084899b5bb9705,Kristal Hotel,2025-11-14T09:00:15.063Z,7,6,2,13,2025-11-14T09:00:15.063Z
6916ef9f3ea59b1cf22143db,domain.HotelLeadScore,12,2025-11-14T09:00:15.788Z,H6710@accor.com,640ffdcaf3084899b5bb9bf1,Novotel Trabzon,2025-11-14T09:00:15.787Z,12,12,1,12,2025-11-14T09:00:15.788Z
6916efa03ea59b1cf22143dc,domain.HotelLeadScore,6.5,2025-11-14T09:00:16.272Z,info@derinnhotels.com,640ffddbf3084899b5bbb35c,DER INN HOTEL,2025-11-14T09:00:16.272Z,7,6,2,13,2025-11-14T09:00:16.272Z
6916efa03ea59b1cf22143dd,domain.HotelLeadScore,7,2025-11-14T09:00:16.511Z,info@victoriaapart.com,640ffdd0f3084899b5bba65c,Victoria Princess Apart Hotel,2025-11-14T09:00:16.511Z,7,7,1,7,2025-11-14T09:00:16.511Z
6916efa03ea59b1cf22143de,domain.HotelLeadScore,136.5,2025-11-14T09:00:16.996Z,info@hotelantroyal.com,640ffdb8f3084899b5bb863c,Antroyal Hotel,2025-11-16T06:38:59.708Z,267,6,2,273,2025-11-16T06:38:59.708Z
6916efa13ea59b1cf22143df,domain.HotelLeadScore,7,2025-11-14T09:00:17.231Z,info@dalgiclarotel.com,640ffdcaf3084899b5bb9cfd,Hotel Dalgiclar,2025-11-14T09:00:17.231Z,7,7,1,7,2025-11-14T09:00:17.231Z
6916efa13ea59b1cf22143e0,domain.HotelLeadScore,6,2025-11-14T09:00:17.477Z,gerzenorthstar@gmail.com,640ffdcaf3084899b5bb9bdf,North Star Hotel,2025-11-14T09:00:17.477Z,6,6,2,12,2025-11-14T09:00:17.477Z
6916efa13ea59b1cf22143e1,domain.HotelLeadScore,14,2025-11-14T09:00:17.720Z,info.denizli@northpoint.com.tr,640ffdcaf3084899b5bb9bde,North Point Hotel,2025-11-14T09:00:17.719Z,14,14,1,14,2025-11-14T09:00:17.720Z
6916efa13ea59b1cf22143e2,domain.HotelLeadScore,8,2025-11-14T09:00:17.961Z,mail@oteldinc.com,640ffdcaf3084899b5bb9cff,Hotel Dinc,2025-11-14T09:00:17.961Z,14,4,3,24,2025-11-14T09:00:17.961Z
6916efa23ea59b1cf22143e3,domain.HotelLeadScore,4,2025-11-14T09:00:18.202Z,info@triaelegance.com,640ffdd0f3084899b5bba546,Tria Elegance Istanbul,2025-11-14T09:00:18.201Z,4,4,1,4,2025-11-14T09:00:18.202Z
6916efa23ea59b1cf22143e4,domain.HotelLeadScore,4,2025-11-14T09:00:18.444Z,info@kelesotel.com.tr,640ffdc4f3084899b5bb960c,Keles Hotel,2025-11-14T09:00:18.444Z,4,4,1,4,2025-11-14T09:00:18.444Z
6916efa33ea59b1cf22143e5,domain.HotelLeadScore,13,2025-11-14T09:00:19.408Z,han@hanhostels.com,640ffdc4f3084899b5bb92fb,Han Hotel,2025-11-14T09:00:19.407Z,13,13,1,13,2025-11-14T09:00:19.408Z
6916efa33ea59b1cf22143e6,domain.HotelLeadScore,6,2025-11-14T09:00:19.642Z,info@dreamofside.com,640ffdb8f3084899b5bb8620,Hotel Dream Of Side,2025-11-14T09:00:19.642Z,6,6,1,6,2025-11-14T09:00:19.642Z
6916efa33ea59b1cf22143e7,domain.HotelLeadScore,10.5,2025-11-14T09:00:19.881Z,terasmotel@hotmail.com,640ffdd0f3084899b5bba461,Teras Motel,2025-11-14T09:00:19.880Z,12,9,2,21,2025-11-14T09:00:19.881Z
6916efa43ea59b1cf22143e8,domain.HotelLeadScore,6,2025-11-14T09:00:20.356Z,hotel@tuntashotels.com,640ffdd0f3084899b5bba585,Tuntas Beach Hotel - All Inclusive,2025-11-14T09:00:20.356Z,6,6,1,6,2025-11-14T09:00:20.356Z
6916efa43ea59b1cf22143e9,domain.HotelLeadScore,6,2025-11-14T09:00:20.600Z,info@niconyaport.com,640ffdd3f3084899b5bba9a9,Niconya Port Suite&Hotel,2025-11-14T09:00:20.600Z,6,6,1,6,2025-11-14T09:00:20.600Z
6916efa43ea59b1cf22143ea,domain.HotelLeadScore,5,2025-11-14T09:00:20.834Z,info@terasaquapark.com.tr,640ffdd0f3084899b5bba460,Teras Aqua Park Hotel & SPA,2025-11-14T09:00:20.834Z,6,4,2,10,2025-11-14T09:00:20.834Z
6916efa53ea59b1cf22143eb,domain.HotelLeadScore,6,2025-11-14T09:00:21.069Z,info@baridahotels.com,640ffdbbf3084899b5bb8889,Barida Hotels,2025-11-14T09:00:21.069Z,6,6,2,12,2025-11-14T09:00:21.069Z
6916efa53ea59b1cf22143ec,domain.HotelLeadScore,6,2025-11-14T09:00:21.557Z,info@livsuit.com,640ffdc7f3084899b5bb9857,Liv Suit Hotel,2025-11-14T09:00:21.557Z,6,6,2,12,2025-11-14T09:00:21.557Z
6916efa63ea59b1cf22143ed,domain.HotelLeadScore,6,2025-11-14T09:00:22.026Z,rezervasyon@mielohotel.com,640ffddef3084899b5bbb9b2,Mielo Lara Hotel,2025-11-14T09:00:22.026Z,6,6,1,6,2025-11-14T09:00:22.026Z
6916efa63ea59b1cf22143ee,domain.HotelLeadScore,10,2025-11-14T09:00:22.258Z,info@kurfal.com,640ffdc7f3084899b5bb9730,Kurfal Hotel,2025-11-14T09:00:22.258Z,18,4,6,60,2025-11-14T09:00:22.258Z
6916efa63ea59b1cf22143ef,domain.HotelLeadScore,6,2025-11-14T09:00:22.491Z,info@kartalpalace.com,640ffddbf3084899b5bbb58a,Kartal Palace Taksim Square FAMILY HOTEL,2025-11-14T09:00:22.491Z,6,6,1,6,2025-11-14T09:00:22.491Z
6916efa63ea59b1cf22143f0,domain.HotelLeadScore,6,2025-11-14T09:00:22.727Z,aat@ada.net.tr,640ffdd3f3084899b5bba68b,Villa Gokbel,2025-11-14T09:00:22.726Z,6,6,1,6,2025-11-14T09:00:22.727Z
6916efa73ea59b1cf22143f1,domain.HotelLeadScore,6,2025-11-14T09:00:23.672Z,mevlanasemshotel@hotmail.com,640ffdd6f3084899b5bbae4b,MEVLANA SEMS HOTEL,2025-11-14T09:00:23.672Z,6,6,1,6,2025-11-14T09:00:23.672Z
6916efa73ea59b1cf22143f2,domain.HotelLeadScore,4,2025-11-14T09:00:23.909Z,info@bilemotel.com,640ffdbbf3084899b5bb898b,Bilem Hotel Beach & Spa,2025-11-14T09:00:23.909Z,4,4,1,4,2025-11-14T09:00:23.909Z
6916efa83ea59b1cf22143f3,domain.HotelLeadScore,6,2025-11-14T09:00:24.143Z,info@limsbonadea.com,640ffdc7f3084899b5bb983b,Lims Bona Dea Beach Hotel,2025-11-14T09:00:24.143Z,6,6,1,6,2025-11-14T09:00:24.143Z
6916efa83ea59b1cf22143f4,domain.HotelLeadScore,4,2025-11-14T09:00:24.378Z,narpalaceistanbul@gmail.com,640ffdd9f3084899b5bbae4f,Nar Palace,2025-11-14T09:00:24.377Z,4,4,1,4,2025-11-14T09:00:24.378Z
